player_id,name,first_season,last_season,pos,ht,wt,birth_date,colleges
9,Álex Abrines,2017,2019,G-F,06-Jun,200,"August 1, 1993",
14,Quincy Acy,2013,2019,F-C,06-Jul,240,"October 6, 1990",Baylor
19,Jaylen Adams,2019,2019,G,06-Feb,190,"May 4, 1996",St. Bonaventure
20,Jordan Adams,2015,2016,G,06-May,209,"July 8, 1994",UCLA
22,Steven Adams,2014,2020,C,06-Nov,265,"July 20, 1993",Pitt
24,Bam Adebayo,2018,2020,C-F,06-Sep,255,"July 18, 1997",Kentucky
25,Deng Adel,2019,2019,F,06-Jul,200,"February 1, 1997",Louisville
27,Jeff Adrien,2011,2015,F,06-Jul,245,"February 10, 1986",UConn
28,Arron Afflalo,2008,2018,G-F,06-May,210,"October 15, 1985",UCLA
29,Maurice Ager,2007,2011,G,06-May,202,"February 9, 1984",Michigan State
31,Blake Ahearn,2008,2012,G,06-Feb,190,"May 27, 1984",Missouri State University
34,Alexis Ajinça,2009,2017,C-F,07-Feb,248,"May 6, 1988",
36,Josh Akognon,2013,2013,G,05-Nov,185,"February 10, 1986","Washington State, California State University, Fullerton"
37,DeVaughn Akoon-Purcell,2019,2019,G,06-Jun,200,"June 5, 1993",Illinois State
38,Solomon Alabi,2011,2012,C,07-Jan,251,"March 21, 1988",Florida State
41,Furkan Aldemir,2015,2015,F-C,06-Oct,240,"August 9, 1991",
42,Cole Aldrich,2011,2018,C,06-Nov,250,"October 31, 1988",Kansas
43,LaMarcus Aldridge,2007,2020,F-C,06-Nov,260,"July 19, 1985",Texas
45,Cliff Alexander,2016,2016,F,06-Aug,245,"November 16, 1995",Kansas
49,Joe Alexander,2009,2010,F,06-Aug,230,"December 26, 1986",West Virginia
51,Nickeil Alexander-Walker,2020,2020,G,06-May,205,"September 2, 1998",Virginia Tech
53,Rawle Alkins,2019,2019,G,06-May,225,"October 29, 1997",Arizona
56,Grayson Allen,2019,2020,G,06-Apr,198,"October 8, 1995",Duke
57,Jarrett Allen,2018,2020,C-F,06-Nov,237,"April 21, 1998",Texas
59,Kadeem Allen,2018,2020,G,06-Jan,200,"January 15, 1993",Arizona
60,Lavoy Allen,2012,2017,F-C,06-Sep,260,"February 4, 1989",Temple
62,Malik Allen,2002,2011,F-C,06-Oct,255,"June 27, 1978",Villanova
64,Ray Allen,1997,2014,G,06-May,205,"July 20, 1975",UConn
65,Tony Allen,2005,2018,G-F,06-Apr,213,"January 11, 1982","Butler County Community College, Oklahoma State"
70,Morris Almond,2008,2012,G,06-Jun,225,"February 2, 1985",Rice University
72,Rafer Alston,2000,2010,G,06-Feb,171,"July 24, 1976",Fresno State
76,Al-Farouq Aminu,2011,2020,F,06-Aug,220,"September 21, 1990",Wake Forest
77,Lou Amundson,2007,2016,F-C,06-Sep,220,"December 7, 1982",UNLV
79,Chris Andersen,2002,2017,C-F,06-Oct,245,"July 7, 1978",Blinn College
80,David Andersen,2010,2011,C,06-Nov,245,"June 23, 1980",
81,Alan Anderson,2006,2017,G-F,06-Jun,220,"October 16, 1982",Michigan State
83,Antonio Anderson,2010,2010,G,06-Jun,215,"June 5, 1985",Memphis
92,James Anderson,2011,2016,G-F,06-Jun,213,"March 25, 1989",Oklahoma State
94,Justin Anderson,2016,2020,G,06-Jun,230,"November 19, 1993",Virginia
97,Kyle Anderson,2015,2020,F-G,06-Sep,230,"September 20, 1993",UCLA
102,Ryan Anderson,2009,2020,F,06-Sep,240,"May 6, 1988",California
108,Ike Anigbogu,2018,2019,F-C,06-Oct,250,"October 17, 1998",UCLA
111,Giannis Antetokounmpo,2014,2020,F-G,06-Nov,242,"December 6, 1994",
112,Kostas Antetokounmpo,2019,2020,F,06-Oct,200,"November 20, 1997",Dayton
113,Thanasis Antetokounmpo,2016,2020,F,06-Jun,205,"July 18, 1992",
114,Carmelo Anthony,2004,2020,F,06-Aug,240,"May 29, 1984",Syracuse
116,Joel Anthony,2008,2017,C,06-Sep,245,"August 9, 1982",UNLV
117,Pero Antić,2014,2015,C-F,06-Nov,260,"July 29, 1982",
118,OG Anunoby,2018,2020,F,06-Jul,232,"July 17, 1997",Indiana
119,Keith Appling,2016,2016,G,06-Jan,185,"February 13, 1992",Michigan State
124,Ryan Arcidiacono,2018,2020,G,06-Mar,195,"March 26, 1994",Villanova
126,Gilbert Arenas,2002,2012,G,06-Mar,191,"January 6, 1982",Arizona
127,Trevor Ariza,2005,2020,F,06-Aug,215,"June 30, 1985",UCLA
135,Hilton Armstrong,2007,2014,F-C,06-Nov,235,"November 11, 1984",UConn
140,Carlos Arroyo,2002,2011,G,06-Feb,202,"July 30, 1979",Florida International University
141,Darrell Arthur,2009,2018,F,06-Sep,235,"March 25, 1988",Kansas
143,Jamel Artis,2018,2018,G-F,06-Jul,213,"January 12, 1993",Pitt
144,Ömer Aşık,2011,2018,C,7-0,255,"July 4, 1986",
149,Chucky Atkins,2000,2010,G,05-Nov,160,"August 14, 1974",South Florida
153,D.J. Augustin,2009,2020,G,05-Nov,183,"November 10, 1987",Texas
162,Gustavo Ayón,2012,2014,C,06-Oct,250,"April 1, 1985",
163,Jeff Ayres,2010,2016,F,06-Sep,240,"April 29, 1987",Arizona State
164,Deandre Ayton,2019,2020,C,06-Nov,250,"July 23, 1998",Arizona
165,Kelenna Azubuike,2007,2012,G,06-May,220,"December 16, 1983",Kentucky
166,Chris Babb,2014,2014,G,06-May,225,"February 14, 1990","Penn State, Iowa State"
167,Luke Babbitt,2011,2018,F,06-Sep,225,"June 20, 1989",Nevada
170,Dwayne Bacon,2018,2020,G,06-Jun,221,"August 30, 1995",Florida State
175,Marvin Bagley,2019,2020,F,06-Nov,240,"March 14, 1999",Duke
181,Cameron Bairstow,2015,2016,F-C,06-Sep,250,"December 7, 1990",New Mexico
186,Ron Baker,2017,2019,G,06-Apr,220,"March 30, 1993",Wichita State
188,Wade Baldwin,2017,2019,G,06-Apr,200,"March 29, 1996",Vanderbilt
189,Renaldo Balkman,2007,2012,F,06-Aug,208,"July 14, 1984",South Carolina
191,Lonzo Ball,2018,2020,G,06-Jun,190,"October 27, 1997",UCLA
194,Mo Bamba,2019,2020,C,7-0,241,"May 12, 1998",Texas
196,Marcus Banks,2004,2011,G,06-Feb,200,"November 19, 1981",UNLV
201,Leandro Barbosa,2004,2017,G,06-Mar,194,"November 28, 1982",
203,J.J. Barea,2007,2020,G,05-Oct,185,"June 26, 1984",Northeastern University
204,Andrea Bargnani,2007,2016,F-C,7-0,245,"October 26, 1985",
210,Harrison Barnes,2013,2020,F,06-Aug,225,"May 30, 1992",UNC
214,Matt Barnes,2004,2017,F,06-Jul,226,"March 9, 1980",UCLA
227,RJ Barrett,2020,2020,G-F,06-Jun,202,"June 14, 2000",Duke
228,Earl Barron,2006,2015,C,7-0,250,"August 14, 1981",Memphis
236,Will Barton,2013,2020,G,06-May,175,"January 6, 1991",Memphis
239,Brandon Bass,2006,2017,F,06-Aug,250,"April 30, 1985",LSU
244,Keita Bates-Diop,2019,2020,F,06-Aug,229,"January 23, 1996",Ohio State
247,Tony Battie,1998,2012,C-F,06-Nov,230,"February 11, 1976",Texas Tech
248,Shane Battier,2002,2014,F,06-Aug,220,"September 9, 1978",Duke
253,Nicolas Batum,2009,2020,F-G,06-Sep,200,"December 14, 1988",
257,Jerryd Bayless,2009,2019,G,06-Mar,200,"August 20, 1988",Arizona
260,Aron Baynes,2013,2020,C,06-Oct,260,"December 9, 1986",Washington State
262,Kent Bazemore,2013,2020,G-F,06-Apr,195,"July 1, 1989",Old Dominion
263,Darius Bazley,2020,2020,F,06-Aug,208,"June 12, 2000",
265,Bradley Beal,2013,2020,G,06-Mar,207,"June 28, 1993",Florida
272,Malik Beasley,2017,2020,G,06-Apr,198,"November 26, 1996",Florida State
273,Michael Beasley,2009,2019,F,06-Sep,235,"January 9, 1989",Kansas State
275,Rodrigue Beaubois,2010,2013,G,6-0,170,"February 24, 1988",
286,Marco Belinelli,2008,2020,G-F,06-May,210,"March 25, 1986",
287,Charlie Bell,2002,2011,G,06-Mar,200,"March 12, 1979",Michigan State
289,Jordan Bell,2018,2020,F,06-Aug,216,"January 7, 1995",Oregon
290,Raja Bell,2001,2012,G,06-May,204,"September 19, 1976","Boston University, Florida International University"
294,DeAndre' Bembry,2017,2020,F,06-May,210,"July 4, 1994",Saint Joseph's
297,Dragan Bender,2017,2020,F,7-0,225,"November 17, 1997",
298,Jonathan Bender,2000,2010,F,06-Nov,202,"January 30, 1981",
299,Jerrelle Benimon,2015,2015,F,06-Aug,245,"August 1, 1991","Georgetown, Towson University"
302,Anthony Bennett,2014,2017,F,06-Aug,245,"March 14, 1993",UNLV
310,Keith Benson,2012,2012,C,06-Nov,240,"August 13, 1988",Oakland
312,Ben Bentil,2017,2017,F,06-Sep,235,"March 29, 1995",Providence
318,Dairis Bertāns,2019,2019,G,06-Apr,200,"September 9, 1989",
319,Dāvis Bertāns,2017,2020,F,06-Oct,225,"November 12, 1992",
322,Patrick Beverley,2013,2020,G,06-Jan,185,"July 12, 1988",Arkansas
323,Sim Bhullar,2015,2015,C,07-May,360,"December 2, 1992",New Mexico State
328,Mike Bibby,1999,2012,G,06-Jan,190,"May 13, 1978",Arizona
330,Andris Biedriņš,2005,2014,C,06-Nov,240,"April 2, 1986",
334,Chauncey Billups,1998,2014,G,06-Mar,202,"September 25, 1976",Colorado
337,Khem Birch,2018,2020,C-F,06-Sep,233,"September 28, 1992","Pitt, UNLV"
338,Jabari Bird,2018,2018,G,06-Jun,198,"July 3, 1994",California
343,Goga Bitadze,2020,2020,C,06-Nov,245,"July 20, 1999",
344,Bismack Biyombo,2012,2020,C-F,06-Aug,255,"August 28, 1992",
345,Nemanja Bjelica,2016,2020,F,06-Oct,235,"May 9, 1988",
349,Tarik Black,2015,2018,C-F,06-Sep,250,"November 22, 1991","Memphis, Kansas"
356,DeJuan Blair,2010,2016,F-C,06-Jul,270,"April 22, 1989",Pitt
357,Steve Blake,2004,2016,G,06-Mar,172,"February 26, 1980",Maryland
358,Antonio Blakeney,2018,2019,G,06-Apr,192,"October 4, 1996",LSU
363,Andray Blatche,2006,2014,F,06-Nov,235,"August 22, 1986",
365,Eric Bledsoe,2011,2020,G,06-Jan,205,"December 9, 1989",Kentucky
369,Jaron Blossomgame,2019,2019,F,06-Aug,220,"September 16, 1993",Clemson
372,Vander Blue,2014,2018,G,06-Apr,200,"July 17, 1992",Marquette
378,Keith Bogans,2004,2014,G-F,06-May,215,"May 12, 1980",Kentucky
379,Bogdan Bogdanović,2018,2020,G,06-Jun,220,"August 18, 1992",
380,Bojan Bogdanović,2015,2020,G-F,06-Aug,216,"April 18, 1989",
382,Andrew Bogut,2006,2019,C,7-0,260,"November 28, 1984",Utah
385,Jonah Bolden,2019,2020,F,06-Aug,220,"January 2, 1996",UCLA
386,Marques Bolden,2020,2020,C,06-Nov,245,"April 17, 1998",Duke
388,Joel Bolomboy,2017,2018,F,06-Sep,235,"January 28, 1994",Weber State
393,Jordan Bone,2020,2020,G,06-Mar,179,"November 5, 1997",Tennessee
395,Isaac Bonga,2019,2020,G,06-Aug,180,"November 8, 1999",
398,Matt Bonner,2005,2016,F,06-Oct,235,"April 5, 1980",Florida
400,Devin Booker,2016,2020,G,06-May,210,"October 30, 1996",Kentucky
402,Trevor Booker,2011,2018,F,06-Aug,228,"November 25, 1987",Clemson
403,Josh Boone,2007,2010,F-C,06-Oct,237,"November 21, 1984",UConn
408,Carlos Boozer,2003,2015,F-C,06-Sep,258,"November 20, 1981",Duke
414,Chris Bosh,2004,2016,F-C,06-Nov,235,"March 24, 1984",Georgia Tech
418,Chris Boucher,2018,2020,F,06-Sep,200,"January 11, 1993",Oregon
422,Brian Bowen,2020,2020,F,06-Jun,190,"October 2, 1998",
424,Ryan Bowen,2000,2010,F,06-Jul,215,"November 20, 1975",Iowa
430,Ky Bowman,2020,2020,G,06-Jan,181,"June 16, 1997",Boston College
436,Earl Boykins,1999,2012,G,05-May,135,"June 2, 1976",Eastern Michigan
441,Craig Brackins,2011,2012,F,06-Oct,230,"October 9, 1987",Iowa State
445,Avery Bradley,2011,2020,G,06-Mar,180,"November 26, 1990",Texas
454,Tony Bradley,2018,2020,F-C,06-Oct,248,"January 8, 1998",UNC
460,Elton Brand,2000,2016,F,06-Aug,275,"March 11, 1979",Duke
465,Jarrell Brantley,2020,2020,F,06-May,250,"June 7, 1996",College of Charleston
469,Ignas Brazdeikis,2020,2020,F,06-Jun,216,"January 8, 1999",Michigan
475,Corey Brewer,2008,2019,F-G,06-Sep,186,"March 5, 1986",Florida
479,Ronnie Brewer,2007,2014,G-F,06-Jul,220,"March 20, 1985",Arkansas
480,Primož Brezec,2002,2010,C,07-Feb,252,"October 2, 1979",
485,Mikal Bridges,2019,2020,G,06-Jun,210,"August 30, 1996",Villanova
486,Miles Bridges,2019,2020,G-F,06-Jun,225,"March 21, 1998",Michigan State
489,Isaiah Briscoe,2019,2019,G,06-Mar,215,"April 13, 1996",Kentucky
491,Oshae Brissett,2020,2020,F,06-Jul,210,"June 20, 1998",Syracuse
497,Jon Brockman,2010,2012,F,06-Jul,255,"March 20, 1987",Washington
498,Ryan Broekhoff,2019,2020,F,06-Jun,215,"August 23, 1990",Valparaiso
500,Malcolm Brogdon,2017,2020,G,06-May,229,"December 11, 1992",Virginia
504,Aaron Brooks,2008,2018,G,6-0,161,"January 14, 1985",Oregon
505,Dillon Brooks,2018,2020,F-G,06-Jul,220,"January 22, 1996",Oregon
507,MarShon Brooks,2012,2019,G-F,06-May,200,"January 26, 1989",Providence
511,Anthony Brown,2016,2018,F-G,06-Jul,210,"October 10, 1992",Stanford
513,Bobby Brown,2009,2018,G,06-Feb,175,"September 24, 1984","California State University, Fullerton"
514,Bruce Brown,2019,2020,G,06-Apr,202,"August 15, 1996",Miami (FL)
515,Charlie Brown,2020,2020,G,06-Jun,199,"February 2, 1997",Saint Joseph's
521,Derrick Brown,2010,2012,F,06-Jul,225,"September 8, 1987",Xavier
522,Devin Brown,2003,2010,G,06-May,220,"December 30, 1978",University of Texas at San Antonio
528,Jabari Brown,2015,2015,G,06-Apr,215,"December 18, 1992","Oregon, Missouri"
529,Jaylen Brown,2017,2020,F-G,06-Jun,223,"October 24, 1996",California
532,Kwame Brown,2002,2013,F,06-Nov,270,"March 10, 1982",
536,Lorenzo Brown,2014,2019,G,06-May,189,"August 26, 1990",NC State
538,Markel Brown,2015,2018,G,06-Mar,190,"January 29, 1992",Oklahoma State
540,Moses Brown,2020,2020,C,07-Feb,245,"October 13, 1999",UCLA
548,Shannon Brown,2007,2015,G,06-Apr,205,"November 29, 1985",Michigan State
550,Sterling Brown,2018,2020,G,06-May,232,"February 10, 1995",SMU
553,Troy Brown,2019,2020,G-F,06-Jun,215,"July 28, 1999",Oregon
558,Jalen Brunson,2019,2020,G,06-Jan,190,"August 31, 1996",Villanova
560,Nicolás Brussino,2017,2018,G-F,06-Jul,195,"March 2, 1993",
563,Kobe Bryant,1997,2016,G-F,06-Jun,212,"August 23, 1978",
565,Thomas Bryant,2018,2020,C,06-Oct,248,"July 31, 1997",Indiana
575,Chase Budinger,2010,2016,F,06-Jul,209,"May 22, 1988",Arizona
580,Reggie Bullock,2014,2020,G-F,06-Jun,200,"March 16, 1991",UNC
588,Trey Burke,2014,2020,G,6-0,175,"November 12, 1992",Michigan
590,Alec Burks,2012,2020,G,06-Jun,214,"July 20, 1991",Colorado
602,Deonte Burton,2019,2020,G,06-Apr,240,"January 31, 1994","Marquette, Iowa State"
610,Caron Butler,2003,2016,F,06-Jul,228,"March 13, 1980",UConn
613,Jimmy Butler,2012,2020,F-G,06-Jul,230,"September 14, 1989",Marquette
616,Rasual Butler,2003,2016,F-G,06-Jul,215,"May 23, 1979",La Salle
617,Dwight Buycks,2014,2018,G,06-Mar,190,"March 6, 1989",Marquette
618,Derrick Byars,2012,2012,F,06-Jul,220,"April 25, 1984","Virginia, Vanderbilt"
619,Andrew Bynum,2006,2014,C,7-0,285,"October 27, 1987",
620,Will Bynum,2006,2015,G,6-0,185,"January 4, 1983","Arizona, Georgia Tech"
627,Bruno Caboclo,2015,2020,F,06-Sep,218,"September 21, 1995",
631,Nick Calathes,2014,2015,G,06-Jun,213,"February 7, 1989",Florida
632,José Calderón,2006,2019,G,06-Mar,200,"September 28, 1981",
636,Kentavious Caldwell-Pope,2014,2020,G,06-May,205,"February 18, 1993",Georgia
645,Marcus Camby,1997,2013,C-F,06-Nov,220,"March 22, 1974",UMass
648,Isaiah Canaan,2014,2019,G,6-0,201,"May 21, 1991",Murray State
649,Vlatko Čančar,2020,2020,F,06-Aug,210,"April 10, 1997",
651,Clint Capela,2015,2020,C,06-Oct,240,"May 18, 1994",
652,Derrick Caracter,2011,2011,F,06-Sep,275,"May 4, 1988","Louisville, Texas-El Paso"
654,Brian Cardinal,2001,2012,F,06-Aug,245,"May 2, 1977",Purdue
663,Rodney Carney,2007,2011,F,06-Jul,205,"April 15, 1984",Memphis
673,DeMarre Carroll,2010,2020,F,06-Jun,215,"July 27, 1986","Vanderbilt, Missouri"
675,Matt Carroll,2004,2013,G,06-Jun,212,"August 28, 1980",Notre Dame
677,Anthony Carter,2000,2012,G,06-Jan,190,"June 16, 1975",Hawaii
683,Jevon Carter,2019,2020,G,06-Jan,195,"September 14, 1995",West Virginia
687,Vince Carter,1999,2020,G-F,06-Jun,220,"January 26, 1977",UNC
688,Wendell Carter,2019,2020,C,06-Sep,259,"April 16, 1999",Duke
689,Michael Carter-Williams,2014,2020,G,06-May,190,"October 10, 1991",Syracuse
692,Alex Caruso,2018,2020,G,06-May,186,"February 28, 1994",Texas A&M
696,Omri Casspi,2010,2019,F,06-Sep,225,"June 22, 1988",
702,Willie Cauley-Stein,2016,2020,F-C,7-0,240,"August 18, 1993",Kentucky
703,Troy Caupain,2019,2019,G,06-Apr,210,"November 29, 1995",Cincinnati
705,Tyler Cavanaugh,2018,2019,F,06-Sep,238,"February 9, 1994",George Washington
711,Mario Chalmers,2009,2018,G,06-Feb,190,"May 19, 1986",Kansas
717,Tyson Chandler,2002,2020,C,7-0,240,"October 2, 1982",
718,Wilson Chandler,2008,2020,F,06-Aug,235,"May 10, 1987",DePaul
726,Joe Chealey,2019,2019,G,06-Mar,190,"November 1, 1995",College of Charleston
728,Zylan Cheatham,2020,2020,F,06-May,220,"November 17, 1995","San Diego State, Arizona State"
731,Will Cherry,2015,2015,G,6-0,185,"February 8, 1991",University of Montana
734,Josh Childress,2005,2014,G-F,06-Aug,210,"June 20, 1983",Stanford
737,Chris Chiozza,2019,2020,G,05-Nov,175,"November 21, 1995",Florida
740,Marquese Chriss,2017,2020,F,06-Sep,240,"July 2, 1997",Washington
745,Dionte Christmas,2014,2014,G,06-May,205,"September 15, 1986",Temple
746,Rakeem Christmas,2016,2017,F,06-Sep,250,"December 1, 1991",Syracuse
747,Semaj Christon,2017,2017,G,06-Mar,190,"November 1, 1992",Xavier
748,Patrick Christopher,2015,2015,G-F,06-May,209,"June 3, 1988",California
753,Earl Clark,2010,2015,F,06-Oct,225,"January 17, 1988",Louisville
754,Gary Clark,2019,2020,F,06-Jun,225,"November 16, 1994",Cincinnati
755,Ian Clark,2014,2019,G,06-Mar,175,"March 7, 1991",Belmont
758,Brandon Clarke,2020,2020,F,06-Aug,210,"September 19, 1996","San Jose State, Gonzaga"
759,Coty Clarke,2016,2016,F,06-Jul,232,"July 4, 1992",Arkansas
760,Jordan Clarkson,2015,2020,G,06-Apr,194,"June 7, 1992","Tulsa, Missouri"
761,Gian Clavell,2018,2018,G,06-Apr,185,"November 26, 1993",Colorado State
762,Victor Claver,2013,2015,F,06-Sep,224,"August 30, 1988",
765,Nicolas Claxton,2020,2020,F,06-Nov,215,"April 17, 1999",Georgia
770,Chris Clemons,2020,2020,G,05-Sep,180,"July 23, 1997",Campbell
771,Antonius Cleveland,2018,2020,G,06-May,195,"February 2, 1994",SE Missouri State
778,Amir Coffey,2020,2020,G,06-Jul,205,"June 17, 1997",Minnesota
782,Norris Cole,2012,2017,G,06-Feb,175,"October 13, 1988",Cleveland State University
794,Jarron Collins,2002,2011,F-C,06-Nov,255,"December 2, 1978",Stanford
795,Jason Collins,2002,2014,C,7-0,255,"December 2, 1978",Stanford
797,John Collins,2018,2020,F,06-Sep,235,"September 23, 1997",Wake Forest
798,Mardy Collins,2007,2010,G,06-Jun,220,"August 4, 1984",Temple
799,Sherron Collins,2011,2011,G,05-Nov,205,"March 18, 1987",Kansas
800,Zach Collins,2018,2020,C-F,06-Nov,232,"November 19, 1997",Gonzaga
801,Kyle Collinsworth,2018,2018,G-F,06-Jun,210,"October 3, 1991",BYU
802,Darren Collison,2010,2019,G,6-0,175,"August 23, 1987",UCLA
803,Nick Collison,2005,2018,F,06-Oct,255,"October 26, 1980",Kansas
805,Bonzie Colson,2019,2019,F,06-Jun,224,"January 12, 1996",Notre Dame
816,Mike Conley,2008,2020,G,06-Jan,175,"October 11, 1987",Ohio State
819,Pat Connaughton,2016,2020,G,06-May,209,"January 6, 1993",Notre Dame
823,Will Conroy,2007,2013,G,06-Feb,195,"December 8, 1982",Washington
827,Brian Cook,2004,2012,F,06-Sep,234,"December 4, 1980",Illinois
828,Daequan Cook,2008,2013,G,06-May,205,"April 28, 1987",Ohio State
833,Quinn Cook,2017,2020,G,06-Jan,179,"March 23, 1993",Duke
834,Tyler Cook,2020,2020,F,06-Aug,255,"September 23, 1997",Iowa
835,Charles Cooke,2018,2018,G,06-May,196,"July 1, 1994",Dayton
838,Jack Cooley,2015,2018,F-C,06-Sep,260,"April 4, 1991",Notre Dame
845,Chris Copeland,2013,2016,F,06-Sep,239,"March 17, 1984",Colorado
854,Matt Costello,2018,2018,F,06-Sep,245,"August 5, 1993",Michigan State
855,Bryce Cotton,2015,2016,G,06-Jan,165,"August 11, 1992",Providence
862,Marcus Cousin,2011,2011,C,06-Nov,245,"December 18, 1986","Seton Hall, Houston"
863,DeMarcus Cousins,2011,2019,C-F,06-Nov,270,"August 13, 1990",Kentucky
865,Robert Covington,2014,2020,F,06-Jul,211,"December 14, 1990",Tennessee State
870,Allen Crabbe,2014,2020,G-F,06-May,212,"April 9, 1992",California
871,Torrey Craig,2018,2020,G-F,06-Jul,215,"December 19, 1990",USC Upstate
874,Jamal Crawford,2001,2019,G,06-May,185,"March 20, 1980",Michigan
876,Jordan Crawford,2011,2018,G,06-Apr,195,"October 23, 1988","Indiana, Xavier"
877,Mitch Creek,2019,2019,G,06-May,216,"April 27, 1992",
899,Jae Crowder,2013,2020,F,06-Jun,235,"July 6, 1990",Marquette
901,Jarrett Culver,2020,2020,G,06-Jun,195,"February 20, 1999",Texas Tech
906,Dante Cunningham,2010,2019,F,06-Aug,230,"April 22, 1987",Villanova
908,Jared Cunningham,2013,2016,G,06-Apr,195,"May 22, 1991",Oregon State
916,Eddy Curry,2002,2013,C,7-0,295,"December 5, 1982",
917,JamesOn Curry,2010,2010,G,06-Mar,190,"January 7, 1986",Oklahoma State
919,Seth Curry,2014,2020,G,06-Feb,185,"August 23, 1990","Liberty, Duke"
920,Stephen Curry,2010,2020,G,06-Mar,190,"March 14, 1988",Davidson
926,Samuel Dalembert,2002,2015,C,06-Nov,255,"May 10, 1981",Seton Hall
928,Erick Dampier,1997,2012,C,06-Nov,265,"July 14, 1975",Mississippi State
931,Antonio Daniels,1998,2011,G,06-Apr,195,"March 19, 1975",Bowling Green
934,Marquis Daniels,2004,2013,G-F,06-Jun,200,"January 7, 1981",Auburn
936,Troy Daniels,2014,2020,G,06-Apr,205,"July 15, 1991",Virginia Commonwealth
946,Luigi Datome,2014,2015,F,06-Aug,215,"November 27, 1987",
952,Brandon Davies,2014,2015,F,06-Oct,240,"July 25, 1991",BYU
953,Anthony Davis,2013,2020,F-C,06-Oct,253,"March 11, 1993",Kentucky
956,Baron Davis,2000,2012,G,06-Mar,209,"April 13, 1979",UCLA
965,Deyonta Davis,2017,2019,C-F,06-Nov,237,"December 2, 1996",Michigan State
967,Ed Davis,2011,2020,F,06-Sep,225,"June 5, 1989",UNC
969,Glen Davis,2008,2015,F-C,06-Sep,289,"January 1, 1986",LSU
974,Josh Davis,2004,2012,F,06-Aug,235,"August 10, 1980",Wyoming
983,Paul Davis,2007,2010,C,06-Nov,270,"July 21, 1984",Michigan State
986,Ricky Davis,1999,2010,G,06-Jun,195,"September 23, 1979",Iowa
988,Terence Davis,2020,2020,G,06-Apr,205,"May 16, 1997",Ole Miss
990,Tyler Davis,2019,2019,C,06-Oct,266,"May 22, 1997",Texas A&M
995,Andre Dawkins,2015,2015,G,06-May,215,"September 19, 1991",Duke
999,Branden Dawson,2016,2016,F,06-Jun,225,"February 1, 1993",Michigan State
1000,Eric Dawson,2012,2012,F,06-Sep,250,"July 7, 1984",Midwestern State University
1004,Austin Daye,2010,2015,F,06-Nov,220,"June 5, 1988",Gonzaga
1006,Nando De Colo,2013,2014,G,06-May,200,"June 23, 1987",
1011,Dewayne Dedmon,2014,2020,C,7-0,245,"August 12, 1989",USC
1016,Bryce Dejean-Jones,2016,2016,G,06-Jun,209,"August 21, 1992","USC, UNLV, Iowa State"
1017,Sam Dekker,2016,2019,F,06-Sep,230,"May 6, 1994",Wisconsin
1019,Malcolm Delaney,2017,2018,G,06-Mar,190,"March 11, 1989",Virginia Tech
1021,Carlos Delfino,2005,2013,G,06-Jun,230,"August 29, 1982",
1022,Ángel Delgado,2019,2019,C,06-Oct,245,"November 20, 1994",Seton Hall
1024,Matthew Dellavedova,2014,2020,G,06-Mar,200,"September 8, 1990",Saint Mary's
1030,Luol Deng,2005,2019,F,06-Sep,237,"April 16, 1985",Duke
1033,Justin Dentmon,2012,2013,G,05-Nov,185,"September 5, 1985",Washington
1037,DeMar DeRozan,2010,2020,G-F,06-Jun,220,"August 7, 1989",USC
1038,Marcus Derrickson,2019,2019,F,06-Jul,249,"February 1, 1996",Georgetown
1043,Cheick Diallo,2017,2020,F,06-Aug,220,"September 13, 1996",Kansas
1044,Hamidou Diallo,2019,2020,G,06-May,202,"July 31, 1998",Kentucky
1045,Boris Diaw,2004,2017,F-C,06-Aug,250,"April 16, 1982",
1046,Yakhouba Diawara,2007,2010,G-F,06-Jul,225,"August 29, 1982",Pepperdine
1056,Travis Diener,2006,2010,G,06-Jan,175,"March 1, 1982",Marquette
1057,Gorgui Dieng,2014,2020,C,06-Oct,252,"January 18, 1990",Louisville
1070,Spencer Dinwiddie,2015,2020,G,06-May,215,"April 6, 1993",Colorado
1071,Ike Diogu,2006,2012,F,06-Aug,250,"September 11, 1983",Arizona State
1072,DeSagana Diop,2002,2013,C,7-0,300,"January 30, 1982",
1076,Donte DiVincenzo,2019,2020,G,06-Apr,203,"January 31, 1997",Villanova
1083,Luka Dončić,2019,2020,G-F,06-Jul,218,"February 28, 1999",
1087,Keyon Dooling,2001,2013,G,06-Mar,196,"May 8, 1980",Missouri
1089,Joey Dorsey,2009,2015,F,06-Aug,268,"December 16, 1983",Memphis
1091,Tyler Dorsey,2018,2019,G,06-May,183,"February 18, 1996",Oregon
1092,Luguentz Dort,2020,2020,G,06-Mar,215,"April 19, 1999",Arizona State
1093,Damyean Dotson,2018,2020,G,06-May,202,"May 6, 1994","Oregon, Houston"
1099,Toney Douglas,2010,2017,G,06-Feb,195,"March 16, 1986","Auburn, Florida State"
1100,Chris Douglas-Roberts,2009,2015,G,06-Jul,200,"January 8, 1987",Memphis
1101,Sekou Doumbouya,2020,2020,F,06-Aug,209,"December 23, 2000",
1104,Zabian Dowdell,2011,2011,G,06-Mar,191,"September 10, 1984",Virginia Tech
1108,Milton Doyle,2018,2018,G,06-Apr,185,"October 31, 1993",Loyola Chicago
1109,PJ Dozier,2018,2020,G,06-Jun,205,"October 25, 1996",South Carolina
1111,Goran Dragić,2009,2020,G,06-Mar,190,"May 6, 1986",
1112,Zoran Dragić,2015,2015,G-F,06-May,200,"June 22, 1989",
1117,Larry Drew,2015,2018,G,06-Feb,180,"March 5, 1990","UNC, UCLA"
1123,Andre Drummond,2013,2020,C,06-Oct,279,"August 10, 1993",UConn
1128,Jared Dudley,2008,2020,F-G,06-Jun,237,"July 10, 1985",Boston College
1132,Chris Duhon,2005,2013,G,06-Jan,185,"August 31, 1982",Duke
1133,Duje Dukan,2016,2016,F,06-Sep,220,"December 4, 1991",Wisconsin
1140,Tim Duncan,1998,2016,F-C,06-Nov,250,"April 25, 1976",Wake Forest
1142,Mike Dunleavy,2003,2017,F-G,06-Sep,230,"September 15, 1980",Duke
1143,Kris Dunn,2017,2020,G,06-Mar,205,"March 18, 1994",Providence
1146,Ronald Dupree,2004,2011,F,06-Jul,209,"January 26, 1981",LSU
1147,Kevin Durant,2008,2019,F-G,06-Oct,240,"September 29, 1988",Texas
1154,Trevon Duval,2019,2019,G,06-Feb,189,"August 3, 1998",Duke
1158,Jerome Dyson,2012,2012,G,06-Mar,180,"May 1, 1987",UConn
1163,Cleanthony Early,2015,2016,F,06-Aug,210,"April 17, 1991",Wichita State
1167,Devin Ebanks,2011,2013,F,06-Sep,215,"October 28, 1989",West Virginia
1172,Jarell Eddie,2016,2018,G-F,06-Jul,218,"October 30, 1991",Virginia Tech
1182,Carsen Edwards,2020,2020,G,05-Nov,200,"March 12, 1998",Purdue
1190,Shane Edwards,2014,2014,F,06-Jul,220,"May 31, 1987",Little Rock
1191,Vince Edwards,2019,2019,F,06-Aug,225,"April 5, 1996",Purdue
1203,Henry Ellenson,2017,2020,F,06-Oct,240,"January 13, 1997",Marquette
1204,Wayne Ellington,2010,2020,G,06-Apr,200,"November 29, 1987",UNC
1215,Monta Ellis,2006,2017,G,06-Mar,185,"October 26, 1985",
1218,Francisco Elson,2004,2012,C,7-0,235,"February 28, 1976",California
1220,Melvin Ely,2003,2014,C,06-Oct,260,"May 2, 1978",Fresno State
1221,Joel Embiid,2017,2020,C,7-0,250,"March 16, 1994",Kansas
1223,Andre Emmett,2005,2012,F,06-May,230,"August 27, 1982",Texas Tech
1231,Kim English,2013,2013,G,06-Jun,200,"September 24, 1988",Missouri
1234,James Ennis,2015,2020,F,06-Jun,210,"July 1, 1990",Cal State Long Beach
1235,Tyler Ennis,2015,2018,G,06-Mar,194,"August 24, 1994",Syracuse
1237,Semih Erden,2011,2012,C,7-0,240,"July 28, 1986",
1244,Drew Eubanks,2019,2020,F,06-Sep,245,"February 1, 1997",Oregon State
1249,Jacob Evans,2019,2020,G-F,06-Apr,210,"June 18, 1997",Cincinnati
1250,Jawun Evans,2018,2019,G,6-0,185,"July 26, 1996",Oklahoma State
1251,Jeremy Evans,2011,2018,F,06-Sep,200,"October 24, 1987",Western Kentucky
1252,Maurice Evans,2002,2012,G,06-May,220,"November 8, 1978","Wichita State, Texas"
1254,Reggie Evans,2003,2015,F,06-Aug,245,"May 18, 1980",Iowa
1255,Tyreke Evans,2010,2019,G-F,06-Jun,220,"September 19, 1989",Memphis
1258,Patrick Ewing,2011,2011,F,06-Aug,235,"May 20, 1984","Indiana, Georgetown"
1259,Dante Exum,2015,2020,G,06-May,190,"July 13, 1995",
1260,Christian Eyenga,2011,2012,F,06-May,210,"June 22, 1989",
1261,Festus Ezeli,2013,2016,C,06-Nov,255,"October 21, 1989",Vanderbilt
1265,Tacko Fall,2020,2020,C,07-May,311,"December 10, 1995",Central Florida
1267,Kenneth Faried,2012,2019,F,06-Aug,220,"November 19, 1989",Morehead State University
1269,Jordan Farmar,2007,2017,G,06-Feb,180,"November 30, 1986",UCLA
1275,Vítor Faverani,2014,2014,C,06-Nov,260,"May 5, 1988",
1276,Derrick Favors,2011,2020,F-C,06-Sep,265,"July 15, 1991",Georgia Tech
1285,Kay Felder,2017,2018,G,05-Sep,176,"March 29, 1995",Oakland
1286,Cristiano Felício,2016,2020,F-C,06-Oct,270,"July 7, 1992",
1287,Carrick Felix,2014,2014,G,06-Jun,201,"August 17, 1990",Arizona State
1290,Raymond Felton,2006,2019,G,06-Jan,205,"June 26, 1984",UNC
1294,Terrance Ferguson,2018,2020,G-F,06-Jun,190,"May 17, 1998",
1295,Rudy Fernández,2009,2012,G,06-Jun,185,"April 4, 1985",
1296,Bruno Fernando,2020,2020,F,06-Sep,233,"August 15, 1998",Maryland
1301,Yogi Ferrell,2017,2020,G,6-0,180,"May 9, 1993",Indiana
1305,Kyrylo Fesenko,2008,2012,C,07-Jan,288,"December 24, 1986",
1308,Landry Fields,2011,2015,F,06-Jul,210,"June 27, 1988",Stanford
1313,Michael Finley,1996,2010,G-F,06-Jul,215,"March 6, 1973",Wisconsin
1315,Dorian Finney-Smith,2017,2020,F,06-Jul,220,"May 4, 1993",Florida
1317,Derek Fisher,1997,2014,G,06-Jan,200,"August 9, 1974",Little Rock
1330,Jonny Flynn,2010,2012,G,6-0,185,"February 6, 1989",Syracuse
1336,Jeff Foote,2012,2012,C,7-0,265,"July 14, 1987",Cornell
1337,Bryn Forbes,2017,2020,G,06-Feb,190,"July 23, 1993",Michigan State
1338,Gary Forbes,2011,2012,F,06-Jul,220,"February 25, 1985","Virginia, UMass"
1348,T.J. Ford,2004,2012,G,6-0,165,"March 24, 1983",Texas
1352,Courtney Fortson,2012,2012,G,05-Nov,185,"May 23, 1988",Arkansas
1356,Jeff Foster,2000,2012,F-C,06-Nov,236,"January 16, 1977",Texas State University
1360,Evan Fournier,2013,2020,G-F,06-Jul,205,"October 29, 1992",
1365,De'Aaron Fox,2018,2020,G,06-Mar,185,"December 20, 1997",Kentucky
1369,Randy Foye,2007,2017,G,06-Apr,213,"September 24, 1983",Villanova
1375,Jamaal Franklin,2014,2015,G,06-May,191,"July 21, 1991",San Diego State
1378,Melvin Frazier,2019,2020,G,06-May,200,"August 30, 1996",Tulane
1379,Michael Frazier,2020,2020,G,06-Mar,200,"March 8, 1994",Florida
1380,Tim Frazier,2015,2020,G,6-0,170,"November 1, 1990",Penn State
1384,Jimmer Fredette,2012,2019,G,06-Feb,195,"February 25, 1989",BYU
1386,Joel Freeland,2013,2015,F-C,06-Oct,250,"February 7, 1987",
1395,Channing Frye,2006,2019,C-F,7-0,255,"May 17, 1983",Arizona
1404,Markelle Fultz,2018,2020,G,06-Mar,200,"May 29, 1998",Washington
1408,Wenyen Gabriel,2020,2020,F,06-Sep,220,"March 26, 1997",Kentucky
1409,Dan Gadzuric,2003,2012,C,06-Nov,240,"February 2, 1978",UCLA
1410,Daniel Gafford,2020,2020,F,06-Oct,234,"October 1, 1998",Arkansas
1417,Sundiata Gaines,2010,2012,G,06-Jan,185,"April 18, 1986",Georgia
1422,Danilo Gallinari,2009,2020,F,06-Oct,233,"August 8, 1988",
1423,Langston Galloway,2015,2020,G,06-Jan,200,"December 9, 1991",Saint Joseph's
1430,Francisco García,2006,2015,F-G,06-Jul,195,"December 31, 1981",Louisville
1437,Patricio Garino,2017,2017,G-F,06-Jun,210,"May 17, 1993",George Washington
1438,Darius Garland,2020,2020,G,06-Jan,175,"January 26, 2000",Vanderbilt
1445,Kevin Garnett,1996,2016,F-C,06-Nov,240,"May 19, 1976",
1447,Billy Garrett,2019,2019,G,06-Jun,213,"October 16, 1994",DePaul
1450,Diante Garrett,2013,2014,G,06-Apr,190,"November 3, 1988",Iowa State
1458,Marc Gasol,2009,2020,C,06-Nov,255,"January 29, 1985",
1459,Pau Gasol,2002,2019,F-C,07-Jan,250,"July 6, 1980",
1463,Rudy Gay,2007,2020,F,06-Aug,230,"August 17, 1986",UConn
1466,Michael Gbinije,2017,2017,G,06-Jul,200,"June 5, 1992","Duke, Syracuse"
1468,Alonzo Gee,2010,2017,G,06-Jun,225,"May 29, 1987",Alabama
1470,Mickaël Gelabale,2007,2013,F,06-Jul,215,"May 22, 1983",
1471,Devean George,2000,2010,G-F,06-Aug,220,"August 29, 1977",Augsburg College
1473,Paul George,2011,2020,F,06-Aug,220,"May 2, 1990",Fresno State
1475,Marcus Georges-Hunt,2017,2018,G,06-May,216,"March 28, 1994",Georgia Tech
1482,Daniel Gibson,2007,2013,G,06-Feb,190,"February 27, 1986",Texas
1485,Jonathan Gibson,2017,2018,G,06-Feb,185,"November 8, 1987",New Mexico State
1488,Taj Gibson,2010,2020,F,06-Sep,225,"June 24, 1985",USC
1489,J.R. Giddens,2009,2010,G,06-May,215,"February 13, 1985","Kansas, New Mexico"
1490,Trey Gilder,2010,2010,F,06-Sep,185,"January 24, 1985","McNeese State University, Northwestern State University"
1491,Harry Giles,2019,2020,F-C,06-Nov,240,"April 22, 1998",Duke
1492,Shai Gilgeous-Alexander,2019,2020,G,06-May,181,"July 12, 1998",Kentucky
1502,Manu Ginóbili,2003,2018,G,06-Jun,205,"July 28, 1977",
1505,Mickell Gladness,2012,2012,C,06-Nov,220,"July 26, 1986",Alabama A&M University
1515,Rudy Gobert,2014,2020,C,07-Jan,245,"June 26, 1992",
1520,Ryan Gomes,2006,2014,F,06-Jul,250,"September 1, 1982",Providence
1523,Drew Gooden,2003,2016,F,06-Oct,250,"September 24, 1981",Kansas
1526,Archie Goodwin,2014,2017,G,06-May,200,"August 17, 1994",Kentucky
1527,Brandon Goodwin,2019,2020,G,6-0,180,"October 2, 1995","Central Florida, Florida Gulf Coast"
1529,Aaron Gordon,2015,2020,F,06-Aug,220,"September 16, 1995",Arizona
1530,Ben Gordon,2005,2015,G,06-Mar,200,"April 4, 1983",UConn
1531,Drew Gordon,2015,2015,F,06-Sep,245,"July 12, 1990","UCLA, New Mexico"
1532,Eric Gordon,2009,2020,G,06-Mar,215,"December 25, 1988",Indiana
1535,Marcin Gortat,2008,2019,C-F,06-Nov,240,"February 17, 1984",
1537,Andrew Goudelock,2012,2016,G,06-Mar,200,"December 7, 1988",College of Charleston
1543,Devonte' Graham,2019,2020,G,06-Jan,185,"February 22, 1995",Kansas
1545,Joey Graham,2006,2011,F,06-Jul,225,"June 11, 1982","Central Florida, Oklahoma State"
1549,Stephen Graham,2006,2011,G,06-Jun,215,"June 11, 1982","Central Florida, Oklahoma State"
1550,Treveon Graham,2017,2020,G,06-May,223,"October 28, 1993",Virginia Commonwealth
1553,Danny Granger,2006,2015,F,06-Sep,222,"April 20, 1983","Bradley, New Mexico"
1561,Jerami Grant,2015,2020,F,06-Aug,214,"March 12, 1994",Syracuse
1562,Jerian Grant,2016,2019,G,06-Apr,205,"October 9, 1992",Notre Dame
1566,Donte Grantham,2019,2019,F,06-Aug,215,"March 19, 1995",Clemson
1569,Aaron Gray,2008,2014,C,7-0,270,"December 7, 1984",Pitt
1574,Josh Gray,2018,2020,G,6-0,180,"September 9, 1993",LSU
1582,Danny Green,2010,2020,G-F,06-Jun,215,"June 22, 1987",UNC
1584,Draymond Green,2013,2020,F,06-Jun,230,"March 4, 1990",Michigan State
1585,Erick Green,2015,2016,G,06-Apr,185,"May 9, 1991",Virginia Tech
1586,Gerald Green,2006,2019,G-F,06-Jun,205,"January 26, 1986",
1587,JaMychal Green,2015,2020,F,06-Aug,227,"June 21, 1990",Alabama
1588,Javonte Green,2020,2020,F,06-Apr,220,"July 23, 1993",Radford
1589,Jeff Green,2008,2020,F,06-Aug,235,"August 28, 1986",Georgetown
1604,Willie Green,2004,2015,G,06-Apr,200,"July 28, 1981",Detroit Mercy
1605,Donté Greene,2009,2012,F,06-Nov,226,"February 21, 1988",Syracuse
1606,Orien Greene,2006,2011,G,06-Apr,208,"February 4, 1982","Florida, LA-Lafayette"
1618,Blake Griffin,2011,2020,F,06-Sep,250,"March 16, 1989",Oklahoma
1622,Taylor Griffin,2010,2010,F,06-Jul,238,"April 18, 1986",Oklahoma
1636,Marko Guduric,2020,2020,G,06-Jun,201,"March 8, 1995",
1646,Jorge Gutiérrez,2014,2016,G,06-Mar,191,"December 27, 1988",California
1647,Kyle Guy,2020,2020,G,06-Jan,170,"August 11, 1997",Virginia
1650,Rui Hachimura,2020,2020,F,06-Aug,230,"February 8, 1998",Gonzaga
1652,Hamed Haddadi,2009,2013,C,07-Feb,254,"May 19, 1985",
1662,Malik Hairston,2009,2010,G,06-Jun,220,"February 23, 1987",Oregon
1663,P.J. Hairston,2015,2016,G-F,06-Jun,230,"December 24, 1992",UNC
1664,Marcus Haislip,2003,2010,F,06-Oct,230,"December 22, 1980",Tennessee
1671,Devon Hall,2020,2020,G,06-Feb,215,"July 7, 1995",Virginia
1677,Daniel Hamilton,2018,2019,G-F,06-Jul,195,"August 8, 1995",UConn
1680,Jordan Hamilton,2012,2016,G-F,06-Jul,220,"October 6, 1990",Texas
1681,Justin Hamilton,2014,2017,C,7-0,260,"April 1, 1990","Iowa State, LSU"
1683,Richard Hamilton,2000,2013,G-F,06-Jun,185,"February 14, 1978",UConn
1692,A.J. Hammons,2017,2017,C,7-0,260,"August 27, 1992",Purdue
1698,Dusty Hannahs,2019,2019,G,06-Mar,210,"September 2, 1993","Texas Tech, Arkansas"
1702,Ben Hansbrough,2013,2013,G,06-Mar,203,"December 23, 1987","Mississippi State, Notre Dame"
1703,Tyler Hansbrough,2010,2016,F,06-Sep,250,"November 3, 1985",UNC
1710,Luke Harangody,2011,2012,F,06-Aug,246,"January 2, 1988",Notre Dame
1713,Tim Hardaway,2014,2020,G,06-May,205,"March 16, 1992",Michigan
1714,James Harden,2010,2020,G,06-May,220,"August 26, 1989",Arizona State
1722,Maurice Harkless,2013,2020,F-G,06-Jul,220,"May 11, 1993",St. John's
1727,Jared Harper,2020,2020,G,05-Nov,175,"September 14, 1997",Auburn
1728,Justin Harper,2012,2017,F,06-Oct,225,"August 30, 1989",Richmond
1732,Montrezl Harrell,2016,2020,F-C,06-Jul,240,"January 26, 1994",Louisville
1733,Josh Harrellson,2012,2014,C,06-Oct,275,"February 12, 1989",Kentucky
1735,Al Harrington,1999,2014,F,06-Sep,230,"February 17, 1980",
1743,Devin Harris,2005,2019,G,06-Mar,185,"February 27, 1983",Wisconsin
1744,Elias Harris,2014,2014,F,06-Aug,239,"July 6, 1989",Gonzaga
1745,Gary Harris,2015,2020,G,06-Apr,205,"September 14, 1994",Michigan State
1746,Joe Harris,2015,2020,G,06-Jun,220,"September 6, 1991",Virginia
1748,Manny Harris,2011,2017,G,06-May,185,"September 21, 1989",Michigan
1749,Mike Harris,2008,2014,F,06-Jun,240,"June 15, 1983",Rice University
1751,Terrel Harris,2012,2013,G,06-May,190,"August 10, 1987",Oklahoma State
1752,Tobias Harris,2012,2020,F,06-Aug,235,"July 15, 1992",Tennessee
1754,Aaron Harrison,2016,2018,G,06-Jun,210,"October 28, 1994",Kentucky
1755,Andrew Harrison,2017,2019,G,06-Jun,213,"October 28, 1994",Kentucky
1758,Shaquille Harrison,2018,2020,G,06-Jul,190,"October 6, 1993",Tulsa
1759,Jason Hart,2001,2010,G,06-Mar,185,"April 29, 1978",Syracuse
1760,Josh Hart,2018,2020,G,06-May,215,"March 6, 1995",Villanova
1761,Isaiah Hartenstein,2019,2020,F,7-0,249,"May 5, 1998",
1766,Udonis Haslem,2004,2020,F-C,06-Aug,235,"June 9, 1980",Florida
1767,Trenton Hassell,2002,2010,G,06-May,200,"March 4, 1979",Austin Peay State University
1774,Spencer Hawes,2008,2017,C-F,07-Jan,245,"April 28, 1988",Washington
1784,Chuck Hayes,2006,2016,F-C,06-Jun,240,"June 11, 1983",Kentucky
1786,Jarvis Hayes,2004,2010,F,06-Jul,220,"August 9, 1981","Western Carolina University, Georgia"
1787,Jaxson Hayes,2020,2020,F,06-Nov,220,"May 23, 2000",Texas
1789,Nigel Hayes,2018,2018,F,06-Aug,254,"December 16, 1994",Wisconsin
1791,Gordon Hayward,2011,2020,F-G,06-Jul,207,"March 23, 1990",Butler
1792,Lazar Hayward,2011,2013,F,06-Jun,225,"November 26, 1986",Marquette
1793,Brendan Haywood,2002,2015,C,7-0,268,"November 27, 1979",UNC
1797,Luther Head,2006,2011,G,06-Mar,185,"November 26, 1982",Illinois
1801,Reggie Hearn,2018,2018,G,06-May,210,"August 14, 1991",Northwestern
1811,Gerald Henderson,2010,2017,G,06-May,215,"December 9, 1987",Duke
1823,Myke Henry,2018,2018,F,06-Jun,210,"December 23, 1992",DePaul
1825,Xavier Henry,2011,2015,G,06-Jun,220,"March 15, 1991",Kansas
1826,John Henson,2013,2020,C-F,06-Sep,219,"December 28, 1990",UNC
1831,Dewan Hernandez,2020,2020,F,06-Oct,235,"December 9, 1996",Miami (FL)
1832,Juan Hernangómez,2017,2020,F,06-Sep,220,"September 28, 1995",
1833,Willy Hernangómez,2017,2020,C,06-Nov,240,"May 27, 1994",
1837,Tyler Herro,2020,2020,G,06-May,200,"January 20, 2000",Kentucky
1840,Kevin Hervey,2020,2020,F,06-Sep,230,"July 9, 1996",UT Arlington
1846,Mario Hezonja,2016,2020,F-G,06-Aug,201,"February 25, 1995",
1847,Roy Hibbert,2009,2017,C,07-Feb,270,"December 11, 1986",Georgetown
1849,Isaiah Hicks,2018,2019,F,06-Sep,230,"July 24, 1994",UNC
1851,J.J. Hickson,2009,2016,F-C,06-Sep,242,"September 4, 1988",NC State
1852,Buddy Hield,2017,2020,G,06-Apr,220,"December 17, 1992",Oklahoma
1854,Cory Higgins,2012,2013,G,06-May,180,"June 14, 1989",Colorado
1861,Haywood Highsmith,2019,2019,F,06-Jul,220,"December 9, 1996",Wheeling Jesuit
1863,Nenê Hilário,2003,2019,F-C,06-Nov,250,"September 13, 1982",
1867,George Hill,2009,2020,G,06-Mar,188,"May 4, 1986",IUPUI
1868,Grant Hill,1995,2013,F-G,06-Aug,225,"October 5, 1972",Duke
1869,Jordan Hill,2010,2017,C-F,06-Oct,235,"July 27, 1987",Arizona
1871,Solomon Hill,2014,2020,F,06-Jun,225,"March 18, 1991",Arizona
1875,Darrun Hilliard,2016,2018,G,06-Jun,205,"April 13, 1993",Villanova
1878,Kirk Hinrich,2004,2016,G,06-Apr,190,"January 2, 1981",Kansas
1883,Jaylen Hoard,2020,2020,F,06-Aug,216,"March 30, 1999",Wake Forest
1884,Darington Hobson,2012,2012,G,06-Jul,210,"September 29, 1987",New Mexico
1895,Aaron Holiday,2019,2020,G,6-0,185,"September 30, 1996",UCLA
1896,Jrue Holiday,2010,2020,G,06-Mar,205,"June 12, 1990",UCLA
1897,Justin Holiday,2013,2020,F,06-Jun,181,"April 5, 1989",Washington
1900,John Holland,2018,2019,G-F,06-May,205,"November 6, 1988",Boston University
1903,Ryan Hollins,2007,2016,C,7-0,240,"October 10, 1984",UCLA
1905,Rondae Hollis-Jefferson,2016,2020,F,06-Jun,217,"January 3, 1995",Arizona
1907,Richaun Holmes,2016,2020,F-C,06-Oct,240,"October 15, 1993",Bowling Green
1915,Tyler Honeycutt,2012,2013,F,06-Aug,188,"July 15, 1990",UCLA
1917,Rodney Hood,2015,2020,G-F,06-Aug,208,"October 20, 1992","Mississippi State, Duke"
1924,Scotty Hopson,2014,2018,G,06-Jul,204,"August 8, 1989",Tennessee
1927,Al Horford,2008,2020,C-F,06-Sep,245,"June 3, 1986",Florida
1931,Dennis Horner,2012,2012,F,06-Sep,230,"February 5, 1988",NC State
1934,Talen Horton-Tucker,2020,2020,G-F,06-Apr,235,"November 25, 2000",Iowa State
1937,Danuel House,2017,2020,G,06-Jun,215,"June 7, 1993",Texas A&M
1938,Eddie House,2001,2011,G,06-Jan,180,"May 14, 1978",Arizona State
1943,Dwight Howard,2005,2020,C,06-Oct,265,"December 8, 1985",
1945,Josh Howard,2004,2013,F-G,06-Jul,210,"April 28, 1980",Wake Forest
1946,Juwan Howard,1995,2013,F,06-Sep,240,"February 7, 1973",Michigan
1950,William Howard,2020,2020,F,06-Aug,205,"October 25, 1993",
1954,Lester Hudson,2010,2015,G,06-Mar,190,"August 7, 1984",University of Tennessee at Martin
1957,Marcelo Huertas,2016,2017,G,06-Mar,200,"May 25, 1983",
1958,Kevin Huerter,2019,2020,G,06-Jul,190,"August 27, 1998",Maryland
1959,Josh Huestis,2016,2018,F,06-Jul,230,"December 19, 1991",Stanford
1964,Larry Hughes,1999,2012,G,06-May,184,"January 23, 1979",Saint Louis
1966,Robbie Hummel,2014,2015,F,06-Aug,215,"March 8, 1989",Purdue
1969,Isaac Humphries,2019,2019,C,7-0,255,"January 5, 1998",Kentucky
1971,Kris Humphries,2005,2017,F-C,06-Sep,235,"February 6, 1985",Minnesota
1975,Chris Hunter,2010,2010,F,06-Nov,240,"July 7, 1984",Michigan
1976,De'Andre Hunter,2020,2020,F,06-Jul,225,"December 2, 1997",Virginia
1978,Lindsey Hunter,1994,2010,G,06-Feb,170,"December 3, 1970","Alcorn State University, Jackson State University"
1979,Othello Hunter,2009,2010,F,06-Aug,225,"May 28, 1986",Ohio State
1980,R.J. Hunter,2016,2019,G,06-May,185,"October 24, 1993",Georgia State University
1981,Steven Hunter,2002,2010,C,7-0,220,"October 31, 1981",DePaul
1982,Vince Hunter,2018,2018,F,06-Aug,208,"August 5, 1994",Texas-El Paso
1988,Chandler Hutchison,2019,2020,G,06-Jul,196,"April 26, 1996",Boise State
1992,Serge Ibaka,2010,2020,F-C,7-0,235,"September 18, 1989",
1993,Andre Iguodala,2005,2020,G-F,06-Jun,215,"January 28, 1984",Arizona
1994,Zydrunas Ilgauskas,1998,2011,C,07-Mar,238,"June 5, 1975",
1996,Didier Ilunga-Mbenga,2005,2011,C,7-0,245,"December 30, 1980",
1997,Ersan İlyasova,2007,2020,F,06-Sep,235,"May 15, 1987",
2000,Joe Ingles,2015,2020,F-G,06-Jul,226,"October 2, 1987",
2001,Damien Inglis,2016,2016,F,06-Aug,246,"May 20, 1995",
2002,Andre Ingram,2018,2019,G,06-Mar,190,"November 19, 1985",American University
2003,Brandon Ingram,2017,2020,F,06-Jul,190,"September 2, 1997",Duke
2008,Kyrie Irving,2012,2020,G,06-Feb,195,"March 23, 1992",Duke
2009,Jonathan Isaac,2018,2020,F,06-Nov,210,"October 3, 1997",Florida State
2012,Allen Iverson,1997,2010,G,6-0,165,"June 7, 1975",Georgetown
2014,Royal Ivey,2005,2014,G,06-Mar,200,"December 20, 1981",Texas
2016,Wesley Iwundu,2018,2020,F,06-Jun,195,"December 20, 1994",Kansas State
2018,Jarrett Jack,2006,2018,G,06-Mar,200,"October 28, 1983",Georgia Tech
2019,Aaron Jackson,2018,2018,G,06-Apr,185,"May 6, 1986",Duquesne
2022,Cedric Jackson,2010,2010,G,06-Mar,191,"March 5, 1986","St. John's, Cleveland State University"
2023,Darnell Jackson,2009,2011,F,06-Sep,253,"November 7, 1985",Kansas
2024,Demetrius Jackson,2017,2019,G,06-Jan,201,"September 7, 1994",Notre Dame
2025,Frank Jackson,2019,2020,G,06-Mar,205,"May 4, 1998",Duke
2028,Jaren Jackson,2019,2020,F,06-Nov,242,"September 15, 1999",Michigan State
2031,Josh Jackson,2018,2020,F-G,06-Aug,207,"February 10, 1997",Kansas
2032,Justin Jackson,2018,2020,G-F,06-Jul,210,"March 28, 1995",UNC
2042,Pierre Jackson,2017,2017,G,05-Oct,180,"August 29, 1991",Baylor
2045,Reggie Jackson,2012,2020,G,06-Mar,208,"April 16, 1990",Boston College
2047,Stephen Jackson,2001,2014,F-G,06-Aug,218,"April 5, 1978",Butler County Community College
2057,Bernard James,2013,2015,C,06-Oct,240,"February 7, 1985",Florida State
2059,Damion James,2011,2014,G-F,06-Jul,225,"October 7, 1987",Texas
2063,Justin James,2020,2020,G,06-Jul,190,"January 24, 1997",Wyoming
2064,LeBron James,2004,2020,F-G,06-Sep,250,"December 30, 1984",
2065,Mike James,2002,2014,G,06-Feb,188,"June 23, 1975",Duquesne
2066,Mike James,2018,2018,G,06-Jan,189,"August 18, 1990",Lamar University
2068,Antawn Jamison,1999,2014,F,06-Aug,223,"June 12, 1976",UNC
2076,Nathan Jawai,2009,2010,C-F,06-Oct,280,"October 10, 1986",Midland College
2080,Othyus Jeffers,2010,2014,G,06-May,200,"August 5, 1985","University of Illinois at Chicago, Robert Morris University (IL)"
2081,Al Jefferson,2005,2018,C-F,06-Oct,289,"January 4, 1985",
2082,Amile Jefferson,2019,2020,F,06-Sep,222,"May 7, 1993",Duke
2083,Cory Jefferson,2015,2016,F,06-Sep,218,"December 26, 1990",Baylor
2085,Richard Jefferson,2002,2018,F,06-Jul,233,"June 21, 1980",Arizona
2086,DaQuan Jeffries,2020,2020,G-F,06-May,216,"August 30, 1997","Oral Roberts, Tulsa"
2087,Jared Jeffries,2003,2013,F,06-Nov,230,"November 25, 1981",Indiana
2088,Charles Jenkins,2012,2013,G,06-Mar,220,"February 28, 1989",Hofstra
2090,John Jenkins,2013,2019,G,06-Apr,215,"March 6, 1991",Vanderbilt
2091,Brandon Jennings,2010,2018,G,06-Jan,170,"September 23, 1989",
2095,Jonas Jerebko,2010,2019,F,06-Oct,231,"March 2, 1987",
2096,Ty Jerome,2020,2020,G,06-May,195,"July 8, 1997",Virginia
2097,Grant Jerrett,2015,2015,F,06-Oct,235,"July 8, 1993",Arizona
2098,Eugene Jeter,2011,2011,G,05-Nov,175,"December 2, 1983",University of Portland
2100,Yi Jianlian,2008,2012,F,7-0,240,"October 27, 1987",
2103,Alize Johnson,2019,2020,F,06-Jul,212,"April 22, 1996",Missouri State
2104,Amir Johnson,2006,2019,F-C,06-Sep,240,"May 1, 1987",
2106,Anthony Johnson,1998,2010,G,06-Mar,190,"October 2, 1974",College of Charleston
2107,Armon Johnson,2011,2012,G,06-Mar,195,"February 23, 1989",Nevada
2110,B.J. Johnson,2019,2020,G,06-Jul,200,"December 21, 1995","Syracuse, La Salle"
2111,Brice Johnson,2017,2018,F,06-Oct,230,"June 27, 1994",UNC
2113,Cameron Johnson,2020,2020,F,06-Aug,205,"March 3, 1996","Pitt, UNC"
2114,Carldell Johnson,2012,2012,G,05-Oct,180,"January 28, 1983",University of Alabama at Birmingham
2117,Chris Johnson,2011,2013,C,06-Nov,210,"July 15, 1985",LSU
2118,Chris Johnson,2013,2016,F-G,06-Jun,206,"April 29, 1990",Dayton
2121,Dakari Johnson,2018,2018,C,7-0,255,"September 22, 1995",Kentucky
2138,Ivan Johnson,2012,2013,F,06-Aug,230,"April 10, 1984","Oregon, Cal State San Bernardino"
2139,JaJuan Johnson,2012,2012,F,06-Oct,221,"February 8, 1989",Purdue
2140,James Johnson,2010,2020,F,06-Jul,240,"February 20, 1987",Wake Forest
2141,Joe Johnson,2002,2018,G-F,06-Jul,240,"June 29, 1981",Arkansas
2144,Keldon Johnson,2020,2020,G,06-May,211,"October 11, 1999",Kentucky
2156,Nick Johnson,2015,2015,G,06-Mar,202,"December 22, 1992",Arizona
2158,Omari Johnson,2018,2018,F,06-Sep,220,"November 26, 1989",Oregon State
2159,Orlando Johnson,2013,2016,G,06-May,220,"March 11, 1989","Loyola Marymount University, UC Santa Barbara"
2164,Stanley Johnson,2016,2020,F,06-Jun,245,"May 29, 1996",Arizona
2168,Trey Johnson,2009,2012,G,06-May,218,"August 30, 1984","Alcorn State University, Jackson State University"
2169,Tyler Johnson,2015,2020,G,06-Mar,190,"May 7, 1992",Fresno State
2171,Wesley Johnson,2011,2019,F-G,06-Jul,215,"July 11, 1987","Iowa State, Syracuse"
2172,Darius Johnson-Odom,2013,2014,G,06-Feb,215,"September 28, 1989",Marquette
2176,Nikola Jokić,2016,2020,C-F,7-0,253,"February 19, 1995",
2189,Dahntay Jones,2004,2017,G-F,06-Jun,225,"December 27, 1980","Rutgers University, Duke"
2190,Damian Jones,2017,2020,F-C,06-Nov,245,"June 30, 1995",Vanderbilt
2192,DeQuan Jones,2013,2013,F,06-Aug,221,"June 20, 1990",Miami (FL)
2193,Derrick Jones,2017,2020,F,06-Jun,210,"February 15, 1997",UNLV
2194,Dominique Jones,2011,2013,G,06-Apr,215,"October 15, 1988",South Florida
2196,Dwayne Jones,2006,2010,F-C,06-Nov,250,"June 9, 1983",Saint Joseph's
2204,Jalen Jones,2018,2019,G,06-Jul,220,"May 27, 1993",Texas A&M
2205,James Jones,2004,2017,F-G,06-Aug,218,"October 4, 1980",Miami (FL)
2206,Jemerrio Jones,2019,2019,F,06-May,174,"April 9, 1995","Hill College, New Mexico State"
2211,Kevin Jones,2013,2013,F,06-Aug,251,"August 25, 1989",West Virginia
2218,Perry Jones,2013,2015,F,06-Nov,235,"September 24, 1991",Baylor
2224,Solomon Jones,2007,2014,F,06-Oct,230,"July 16, 1984",South Florida
2226,Terrence Jones,2013,2019,F,06-Sep,252,"January 9, 1992",Kentucky
2227,Tyus Jones,2016,2020,G,6-0,196,"May 10, 1996",Duke
2234,DeAndre Jordan,2009,2020,C,06-Nov,265,"July 21, 1988",Texas A&M
2236,Jerome Jordan,2012,2015,C,7-0,253,"September 29, 1986",Tulsa
2245,Cory Joseph,2012,2020,G,06-Mar,200,"August 20, 1991",Texas
2247,Kris Joseph,2013,2013,F,06-Jul,210,"December 17, 1988",Syracuse
2252,Mfiondu Kabengele,2020,2020,F,06-Sep,250,"August 14, 1997",Florida State
2256,Chris Kaman,2004,2016,C,7-0,265,"April 28, 1982",Central Michigan University
2257,Frank Kaminsky,2016,2020,F-C,7-0,240,"April 4, 1993",Wisconsin
2258,Enes Kanter,2012,2020,C,06-Oct,262,"May 20, 1992",
2260,Jason Kapono,2004,2012,F,06-Aug,213,"February 4, 1981",UCLA
2262,Sergey Karasev,2014,2016,G-F,06-Jul,208,"October 26, 1993",
2263,Coby Karl,2008,2010,G,06-May,215,"March 6, 1983",Boise State
2269,Sasha Kaun,2016,2016,C,06-Nov,260,"May 8, 1985",Kansas
2283,Ryan Kelly,2014,2017,F,06-Nov,230,"April 9, 1991",Duke
2290,Luke Kennard,2018,2020,G,06-May,206,"June 24, 1996",Duke
2291,D.J. Kennedy,2012,2012,F,06-Jun,215,"November 5, 1989",St. John's
2308,Jason Kidd,1995,2013,G,06-Apr,205,"March 23, 1973",California
2309,Stanton Kidd,2020,2020,F,06-Jun,215,"March 18, 1992","South Plains College, NC Central, Colorado State"
2311,Michael Kidd-Gilchrist,2013,2020,F,06-Jun,232,"September 26, 1993",Kentucky
2316,Sean Kilpatrick,2015,2018,G,06-Apr,210,"January 6, 1990",Cincinnati
2327,George King,2019,2019,G-F,06-Jun,225,"January 15, 1994",Colorado
2331,Louis King,2020,2020,F,06-Jul,195,"April 6, 1999",Oregon
2341,Andrei Kirilenko,2002,2015,F,06-Sep,220,"February 18, 1981",
2342,Alex Kirk,2015,2015,C,7-0,245,"November 14, 1991",New Mexico
2350,Maxi Kleber,2018,2020,F,06-Oct,240,"January 29, 1992",
2352,Linas Kleiza,2006,2013,F,06-Aug,245,"January 3, 1985",Missouri
2360,Brandon Knight,2012,2020,G,06-Feb,195,"December 2, 1991",Kentucky
2369,Kevin Knox,2019,2020,F,06-Jul,215,"August 11, 1999",Kentucky
2375,John Konchar,2020,2020,G,06-May,210,"March 22, 1996",Purdue-Fort Wayne
2379,Furkan Korkmaz,2018,2020,G,06-Jul,190,"July 24, 1997",
2381,Luke Kornet,2018,2020,F,07-Feb,240,"July 15, 1995",Vanderbilt
2383,Kyle Korver,2004,2020,G-F,06-Jul,212,"March 17, 1981",Creighton
2388,Kosta Koufos,2009,2019,C,7-0,245,"February 24, 1989",Ohio State
2397,Viacheslav Kravtsov,2013,2014,C,7-0,260,"August 25, 1987",
2402,Nenad Krstić,2005,2011,C,7-0,240,"July 25, 1983",
2415,Rodions Kurucs,2019,2020,F,06-Sep,228,"February 5, 1998",
2418,Kyle Kuzma,2018,2020,F,06-Aug,220,"July 24, 1995",Utah
2419,Ognjen Kuzmić,2014,2015,C,07-Jan,251,"May 16, 1990",
2420,Mindaugas Kuzminskas,2017,2018,F,06-Sep,215,"October 19, 1989",
2421,Skal Labissière,2017,2020,F,06-Oct,216,"March 18, 1996",Kentucky
2429,Oliver Lafayette,2010,2010,G,06-Feb,190,"May 6, 1984",Houston
2435,Doron Lamb,2013,2014,G,06-Apr,210,"November 6, 1991",Kentucky
2436,Jeremy Lamb,2013,2020,G-F,06-May,185,"May 30, 1992",UConn
2442,Carl Landry,2008,2016,F,06-Sep,248,"September 19, 1983",Purdue
2443,Marcus Landry,2010,2010,F,06-Jul,230,"November 1, 1985",Wisconsin
2451,Romeo Langford,2020,2020,G,06-Apr,216,"October 25, 1999",Indiana
2455,Nicolás Laprovíttola,2017,2017,G,06-Apr,180,"January 31, 1990",
2457,Shane Larkin,2014,2018,G,05-Nov,175,"October 2, 1992",Miami (FL)
2467,Joffrey Lauvergne,2015,2018,C-F,06-Nov,220,"September 30, 1991",
2469,Zach LaVine,2015,2020,G,06-Jun,181,"March 10, 1995",UCLA
2471,Acie Law,2008,2011,G,06-Mar,195,"January 25, 1985",Texas A&M
2472,Vic Law,2020,2020,F,06-Jul,200,"December 19, 1995",Northwestern
2473,Gani Lawal,2011,2011,F,06-Sep,234,"November 7, 1988",Georgia Tech
2476,Ty Lawson,2010,2017,G,05-Nov,195,"November 3, 1987",UNC
2477,Jake Layman,2017,2020,F,06-Aug,209,"March 7, 1994",Maryland
2479,T.J. Leaf,2018,2020,F,06-Oct,225,"April 30, 1997",UCLA
2485,Jalen Lecque,2020,2020,G,06-Mar,185,"June 13, 2000",
2486,Ricky Ledo,2014,2015,G,06-Jul,195,"September 10, 1992",
2489,Courtney Lee,2009,2020,G,06-May,215,"October 3, 1985",Western Kentucky
2490,Damion Lee,2018,2020,G,06-May,210,"October 21, 1992","Drexel, Louisville"
2492,David Lee,2006,2017,F,06-Sep,245,"April 29, 1983",Florida
2499,Malcolm Lee,2012,2015,G,06-May,200,"May 22, 1990",UCLA
2507,Walt Lemon,2018,2019,G,06-Mar,180,"July 26, 1992",Bradley
2508,Alex Len,2014,2020,C,7-0,250,"June 16, 1993",Maryland
2512,Kawhi Leonard,2012,2020,F,06-Jul,230,"June 29, 1991",San Diego State
2513,Meyers Leonard,2013,2020,C-F,7-0,260,"February 27, 1992",Illinois
2516,Travis Leslie,2012,2012,G,06-Apr,205,"March 29, 1990",Georgia
2519,Jon Leuer,2012,2019,F,06-Oct,228,"May 14, 1989",Wisconsin
2522,Caris LeVert,2017,2020,G-F,06-Jun,205,"August 25, 1994",Michigan
2533,Rashard Lewis,1999,2014,F,06-Oct,215,"August 8, 1979",
2538,DeAndre Liggins,2012,2018,G,06-Jun,209,"March 31, 1988",Kentucky
2541,Damian Lillard,2013,2020,G,06-Feb,195,"July 15, 1990",Weber State
2542,Jeremy Lin,2011,2019,G,06-Mar,200,"August 23, 1988",Harvard University
2545,Nassir Little,2020,2020,F,06-May,220,"February 11, 2000",UNC
2549,Shaun Livingston,2005,2019,G,06-Jul,192,"September 11, 1985",
2564,Zach Lofton,2019,2019,G,06-Apr,180,"November 18, 1992","Illinois State, Texas Southern, New Mexico State"
2572,Shawn Long,2017,2017,C-F,06-Sep,255,"January 29, 1993",LA-Lafayette
2575,Kevon Looney,2016,2020,F-C,06-Sep,220,"February 6, 1996",UCLA
2576,Brook Lopez,2009,2020,C,7-0,270,"April 1, 1988",Stanford
2579,Robin Lopez,2009,2020,C,7-0,275,"April 1, 1988",Stanford
2585,Kevin Love,2009,2020,F,06-Aug,215,"September 7, 1988",UCLA
2590,Kyle Lowry,2007,2020,G,6-0,196,"March 25, 1986",Villanova
2591,Jordan Loyd,2019,2019,G,06-Apr,210,"July 27, 1993","Furman University, University of Indianapolis"
2595,Kalin Lucas,2015,2019,G,06-Jan,195,"May 24, 1989",Michigan State
2597,John Lucas III,2006,2017,G,05-Nov,166,"November 21, 1982","Baylor, Oklahoma State"
2604,Timothé Luwawu-Cabarrot,2017,2020,F,06-Jul,210,"May 9, 1995",
2605,Tyler Lydon,2018,2019,F,06-Oct,225,"April 9, 1996",Syracuse
2606,Trey Lyles,2016,2020,F,06-Sep,234,"November 5, 1995",Kentucky
2612,Sheldon Mac,2017,2017,G,06-May,200,"December 21, 1992",Miami (FL)
2617,Scott Machado,2013,2019,G,06-Jan,205,"June 8, 1990",Iona College
2621,Shelvin Mack,2012,2019,G,06-Mar,203,"April 22, 1990",Butler
2624,Vernon Macklin,2012,2012,F,06-Oct,227,"September 20, 1986","Georgetown, Florida"
2627,Daryl Macon,2019,2020,G,06-Feb,185,"November 29, 1995",Arkansas
2629,J.P. Macura,2019,2019,G,06-May,205,"June 5, 1995",Xavier
2636,Josh Magette,2018,2020,G,06-Jan,160,"November 28, 1989",Alabama-Huntsville
2637,Corey Maggette,2000,2013,F,06-Jun,218,"November 12, 1979",Duke
2639,Jamaal Magloire,2001,2012,C,06-Nov,259,"May 21, 1978",Kentucky
2641,Ian Mahinmi,2008,2020,C,06-Nov,262,"November 5, 1986",
2648,Thon Maker,2017,2020,F-C,7-0,221,"February 25, 1997",
2659,Terance Mann,2020,2020,G-F,06-May,215,"October 18, 1996",Florida State
2668,Devyn Marble,2015,2016,G-F,06-Jun,200,"September 21, 1992",Iowa
2674,Shawn Marion,2000,2015,F,06-Jul,220,"May 7, 1978",UNLV
2675,Boban Marjanović,2016,2020,C,07-Apr,290,"August 15, 1988",
2676,Lauri Markkanen,2018,2020,F-C,7-0,240,"May 22, 1997",Arizona
2678,Sean Marks,1999,2011,F-C,06-Oct,250,"August 23, 1975",California
2684,Kendall Marshall,2013,2016,G,06-Apr,200,"August 19, 1991",UNC
2691,Caleb Martin,2020,2020,F,06-May,205,"September 28, 1995","NC State, Nevada"
2692,Cartier Martin,2009,2015,F,06-Jul,220,"November 20, 1984",Kansas State
2693,Cody Martin,2020,2020,G-F,06-May,205,"September 28, 1995","NC State, Nevada"
2699,Jarell Martin,2016,2019,F,06-Oct,239,"May 24, 1994",LSU
2701,Jeremiah Martin,2020,2020,G,06-Mar,184,"June 19, 1996",Memphis
2702,Kelan Martin,2020,2020,F,06-May,235,"August 3, 1995",Butler
2703,Kenyon Martin,2001,2015,F,06-Sep,234,"December 30, 1977",Cincinnati
2704,Kevin Martin,2005,2016,G,06-Jul,199,"February 1, 1983",Western Carolina University
2713,Desmond Mason,2001,2010,F,06-Jul,224,"October 11, 1977",Oklahoma State
2714,Frank Mason,2018,2020,G,05-Nov,190,"April 3, 1994",Kansas
2715,Roger Mason,2003,2014,G,06-May,200,"September 10, 1980",Virginia
2718,Yante Maten,2019,2019,F,06-Aug,240,"August 14, 1996",Georgia
2719,Garrison Mathews,2020,2020,G,06-May,215,"October 24, 1996",Lipscomb
2720,Mangok Mathiang,2018,2018,C-F,06-Oct,230,"October 8, 1992",Louisville
2723,Wesley Matthews,2010,2020,G,06-Apr,220,"October 14, 1986",Marquette
2726,Jason Maxiell,2006,2015,F,06-Jul,260,"February 18, 1983",Cincinnati
2731,Sean May,2006,2010,F,06-Sep,266,"April 4, 1984",UNC
2737,Eric Maynor,2010,2014,G,06-Mar,175,"June 11, 1987",Virginia Commonwealth
2738,O.J. Mayo,2009,2016,G,06-May,210,"November 5, 1987",USC
2741,Luc Mbah a Moute,2009,2019,F,06-Aug,230,"September 9, 1986",UCLA
2743,James Michael McAdoo,2015,2018,F,06-Sep,230,"January 4, 1993",UNC
2745,Tahjere McCall,2019,2019,G,06-May,195,"August 17, 1994",Tennessee State
2746,Ray McCallum,2014,2016,G,06-Mar,190,"June 12, 1991",Detroit Mercy
2759,Patrick McCaw,2017,2020,G,06-Jul,185,"October 25, 1995",UNLV
2765,CJ McCollum,2014,2020,G,06-Mar,197,"September 19, 1991",Lehigh
2768,T.J. McConnell,2016,2020,G,06-Jan,190,"March 25, 1992","Duquesne, Arizona"
2776,Erik McCree,2018,2018,F,06-Jul,219,"December 20, 1993",Louisiana Tech
2777,Chris McCullough,2016,2018,F,06-Nov,200,"February 5, 1995",Syracuse
2781,Jalen McDaniels,2020,2020,F,06-Oct,192,"January 31, 1998",San Diego State
2783,K.J. McDaniels,2015,2017,G-F,06-Jun,205,"February 9, 1993",Clemson
2784,Doug McDermott,2015,2020,F,06-Jul,225,"January 3, 1992",Creighton
2790,Antonio McDyess,1996,2011,F-C,06-Sep,220,"September 7, 1974",Alabama
2795,Mitch McGary,2015,2016,F-C,06-Oct,255,"June 6, 1992",Michigan
2796,JaVale McGee,2009,2020,C,7-0,270,"January 19, 1988",Nevada
2801,Tracy McGrady,1998,2012,F-G,06-Aug,210,"May 24, 1979",
2804,Rodney McGruder,2017,2020,G,06-Apr,200,"July 29, 1991",Kansas State
2808,Dominic McGuire,2008,2013,F,06-Sep,220,"October 20, 1985","California, Fresno State"
2824,Trey McKinney-Jones,2018,2018,G,06-May,214,"August 27, 1990",Miami (FL)
2825,Alfonzo McKinnie,2018,2020,F,06-Jul,215,"September 17, 1992",Green Bay
2826,Jordan McLaughlin,2020,2020,G,05-Nov,170,"April 9, 1996",USC
2827,Ben McLemore,2014,2020,G,06-Mar,195,"February 11, 1993",Kansas
2841,Jerel McNeal,2015,2015,G,06-Mar,200,"June 1, 1987",Marquette
2849,Jordan McRae,2016,2020,G,06-May,179,"March 28, 1991",Tennessee
2851,Josh McRoberts,2008,2018,F,06-Oct,240,"February 28, 1987",Duke
2856,Jodie Meeks,2010,2019,G,06-Apr,210,"August 21, 1987",Kentucky
2862,Salah Mejri,2016,2019,C,07-Feb,235,"June 15, 1986",
2863,Gal Mekel,2014,2015,G,06-Mar,191,"March 4, 1988",Wichita State
2866,Nicolò Melli,2020,2020,F,06-Sep,235,"January 26, 1991",
2867,Fab Melo,2013,2013,C,7-0,255,"June 20, 1990",Syracuse
2868,De'Anthony Melton,2019,2020,G,06-Feb,200,"May 28, 1998",USC
2874,Pops Mensah-Bonsu,2007,2011,F,06-Sep,240,"September 7, 1983",George Washington
2880,Chimezie Metu,2019,2020,F,06-Sep,225,"March 22, 1997",USC
2886,Jordan Mickey,2016,2018,F,06-Aug,235,"July 9, 1994",LSU
2887,Khris Middleton,2013,2020,F-G,06-Jul,222,"August 12, 1991",Texas A&M
2890,Eric Mika,2020,2020,C,06-Oct,230,"January 5, 1995",
2897,C.J. Miles,2006,2020,G-F,06-Jun,220,"March 18, 1987",
2901,Darko Miličić,2004,2013,F-C,7-0,250,"June 20, 1985",
2903,Andre Miller,2000,2016,G,06-Mar,200,"March 19, 1976",Utah
2907,Brad Miller,1999,2012,C,06-Nov,244,"April 12, 1976",Purdue
2908,Darius Miller,2013,2019,F,06-Jun,225,"March 21, 1990",Kentucky
2914,Malcolm Miller,2018,2020,F,06-Jul,210,"March 6, 1993",Holy Cross
2915,Mike Miller,2001,2017,F-G,06-Aug,218,"February 19, 1980",Florida
2917,Quincy Miller,2013,2015,F,06-Sep,210,"November 18, 1992",Baylor
2922,Patty Mills,2010,2020,G,06-Jan,180,"August 11, 1988",Saint Mary's
2924,Elijah Millsap,2015,2017,G-F,06-Jun,225,"August 12, 1987","LA-Lafayette, University of Alabama at Birmingham"
2925,Paul Millsap,2007,2020,F,06-Jul,250,"February 10, 1985",Louisiana Tech
2926,Shake Milton,2019,2020,G,06-May,207,"September 26, 1996",SMU
2928,Yao Ming,2003,2011,C,07-Jun,310,"September 12, 1980",
2933,Nikola Mirotić,2015,2019,F,06-Oct,250,"February 11, 1991",
2936,Donovan Mitchell,2018,2020,G,06-Jan,215,"September 7, 1996",Louisville
2942,Tony Mitchell,2014,2014,F,06-Jun,216,"August 7, 1989",Alabama
2943,Tony Mitchell,2014,2014,F,06-Aug,235,"April 7, 1992",University of North Texas
2944,Naz Mitrou-Long,2018,2020,G,06-Mar,218,"August 3, 1993",Iowa State
2952,Nazr Mohammed,1999,2016,C,06-Oct,221,"September 5, 1977",Kentucky
2955,Adam Mokoka,2020,2020,G,06-May,190,"July 18, 1998",
2961,Malik Monk,2018,2020,G,06-Mar,200,"February 4, 1998",Kentucky
2963,Greg Monroe,2011,2019,C-F,06-Nov,265,"June 4, 1990",Georgetown
2965,Luis Montero,2016,2018,G,06-Jul,185,"April 6, 1993",Westchester CC
2968,Jamario Moon,2008,2012,F,06-Aug,205,"June 13, 1980",Meridian Community College
2970,Matt Mooney,2020,2020,G,06-Mar,200,"February 7, 1997","United States Air Force Academy, University of South Dakota, Texas Tech"
2972,Ben Moore,2018,2018,F,06-Aug,220,"May 13, 1995",SMU
2973,E'Twaun Moore,2012,2020,G-F,06-Mar,191,"February 25, 1989",Purdue
2979,Mikki Moore,1999,2012,C-F,06-Nov,225,"November 4, 1975",Nebraska
2984,Ja Morant,2020,2020,G,06-Mar,175,"August 10, 1999",Murray State
2985,Eric Moreland,2015,2019,F-C,06-Oct,238,"December 24, 1991",Oregon State
2988,Juwan Morgan,2020,2020,F,06-Aug,232,"April 17, 1997",Indiana
2993,Darius Morris,2012,2015,G,06-Apr,190,"January 3, 1991",Michigan
2995,Jaylen Morris,2018,2019,G,06-May,185,"September 19, 1995",Molloy
2996,Marcus Morris,2012,2020,F,06-Aug,235,"September 2, 1989",Kansas
2997,Markieff Morris,2012,2020,F,06-Aug,245,"September 2, 1989",Kansas
2999,Monte Morris,2018,2020,G,06-Feb,175,"June 27, 1995",Iowa State
3000,Randolph Morris,2007,2010,C,06-Oct,266,"January 2, 1986",Kentucky
3002,Adam Morrison,2007,2010,F,06-Aug,205,"July 19, 1984",Gonzaga
3006,Anthony Morrow,2009,2017,G,06-May,210,"September 27, 1985",Georgia Tech
3013,Donatas Motiejūnas,2013,2019,F-C,7-0,222,"September 20, 1990",
3014,Johnathan Motley,2018,2020,F,06-Aug,230,"May 4, 1995",Baylor
3016,Arnett Moultrie,2013,2014,F,06-Nov,249,"November 18, 1990","Texas-El Paso, Mississippi State"
3019,Timofey Mozgov,2011,2018,C,07-Jan,275,"July 16, 1986",
3021,Emmanuel Mudiay,2016,2020,G,06-Mar,200,"March 5, 1996",
3023,Shabazz Muhammad,2014,2018,F-G,06-Jun,223,"November 13, 1992",UCLA
3026,Byron Mullens,2010,2014,C,7-0,275,"February 14, 1989",Ohio State
3030,Xavier Munford,2016,2018,G,06-Feb,180,"June 1, 1992",Rhode Island
3038,Erik Murphy,2014,2014,F,06-Oct,230,"October 26, 1990",Florida
3041,Kevin Murphy,2013,2013,G,06-May,185,"March 6, 1990",Tennessee Technological University
3044,Troy Murphy,2002,2013,F-C,06-Nov,245,"May 2, 1980",Notre Dame
3045,Dejounte Murray,2017,2020,G,06-Apr,170,"September 19, 1996",Washington
3046,Jamal Murray,2017,2020,G,06-Apr,201,"February 23, 1997",Kentucky
3049,Ronald Murray,2003,2010,G,06-Apr,190,"July 29, 1979","Meridian Community College, Shaw"
3053,Toure' Murry,2014,2015,G-F,06-May,195,"November 8, 1989",Wichita State
3054,Džanan Musa,2019,2020,G-F,06-Sep,217,"May 8, 1999",
3055,Mike Muscala,2014,2020,F-C,06-Oct,240,"July 1, 1991",Bucknell
3061,Sviatoslav Mykhailiuk,2019,2020,G-F,06-Jul,205,"June 10, 1997",Kansas
3062,Hamady N'Diaye,2011,2014,C,7-0,235,"January 12, 1987",Rutgers University
3069,Abdel Nader,2018,2020,F,06-May,225,"September 25, 1993","Northern Illinois, Iowa State"
3073,Eduardo Nájera,2001,2012,F,06-Aug,240,"July 11, 1976",Oklahoma
3075,Larry Nance,2016,2020,F-C,06-Jul,230,"January 1, 1993",Wyoming
3076,Shabazz Napier,2015,2020,G,6-0,175,"July 14, 1991",UConn
3080,Steve Nash,1997,2014,G,06-Mar,195,"February 7, 1974",Santa Clara
3087,Maurice Ndour,2017,2017,F,06-Sep,200,"June 18, 1992",Ohio University
3089,Gary Neal,2011,2017,G,06-Apr,210,"October 3, 1984","La Salle, Towson University"
3093,Nemanja Nedović,2014,2014,G,06-Mar,192,"June 16, 1991",
3098,Jameer Nelson,2005,2018,G,6-0,190,"February 9, 1982",Saint Joseph's
3105,Rasho Nesterović,1999,2010,C,7-0,248,"May 30, 1976",
3106,Raul Neto,2016,2020,G,06-Jan,179,"May 19, 1992",
3116,Malik Newman,2020,2020,G,06-Mar,190,"February 21, 1997","Mississippi State, Kansas"
3119,Georges Niang,2017,2020,F,06-Jul,230,"June 17, 1993",Iowa State
3122,Andrew Nicholson,2013,2017,F,06-Sep,250,"December 8, 1989",St. Bonaventure
3131,Joakim Noah,2008,2019,C,06-Nov,230,"February 25, 1985",Florida
3133,Andrés Nocioni,2005,2012,F,06-Jul,225,"November 30, 1979",
3135,Nerlens Noel,2015,2020,C-F,06-Oct,220,"April 10, 1994",Kentucky
3137,Lucas Nogueira,2015,2018,C,7-0,241,"July 26, 1992",
3148,Zach Norvell,2020,2020,G,06-May,206,"December 9, 1997",Gonzaga
3153,Steve Novak,2007,2017,F,06-Oct,225,"June 13, 1983",Marquette
3154,Jaylen Nowell,2020,2020,G,06-Apr,196,"July 9, 1999",Washington
3156,Dirk Nowitzki,1999,2019,F,7-0,245,"June 19, 1978",
3157,Frank Ntilikina,2018,2020,G,06-Apr,190,"July 28, 1998",
3158,Kendrick Nunn,2020,2020,G,06-Feb,190,"August 3, 1995","Illinois, Oakland"
3159,James Nunnally,2014,2019,F,06-Jul,208,"July 14, 1990",UC Santa Barbara
3160,Jusuf Nurkić,2015,2019,C,7-0,280,"August 23, 1994",
3162,David Nwaba,2017,2020,G,06-May,219,"January 14, 1993",Cal Poly
3168,J.J. O'Brien,2016,2016,F,06-Jul,228,"April 8, 1992",San Diego State
3172,Johnny O'Bryant,2015,2018,F-C,06-Sep,257,"June 1, 1993",LSU
3173,Patrick O'Bryant,2007,2010,C,7-0,260,"June 20, 1986",Bradley
3182,Jermaine O'Neal,1997,2014,F-C,06-Nov,226,"October 13, 1978",
3183,Shaquille O'Neal,1993,2011,C,07-Jan,325,"March 6, 1972",LSU
3184,Royce O'Neale,2018,2020,F,06-Apr,226,"June 5, 1993",Baylor
3186,Kyle O'Quinn,2013,2020,F-C,06-Sep,250,"March 26, 1990",Norfolk State
3191,Fabricio Oberto,2006,2011,C-F,06-Oct,245,"March 21, 1975",
3192,Daniel Ochefu,2017,2017,C,06-Nov,245,"December 15, 1993",Villanova
3193,Greg Oden,2009,2014,C,7-0,250,"January 22, 1988",Ohio State
3194,Lamar Odom,2000,2013,F,06-Oct,220,"November 6, 1979",Rhode Island
3199,Tim Ohlbrecht,2013,2013,C,06-Nov,255,"August 30, 1988",
3200,Semi Ojeleye,2018,2020,F,06-Jun,235,"December 5, 1994","Duke, SMU"
3201,Emeka Okafor,2005,2018,C-F,06-Oct,252,"September 28, 1982",UConn
3202,Jahlil Okafor,2016,2020,C-F,06-Oct,275,"December 15, 1995",Duke
3203,Elie Okobo,2019,2020,G,06-Mar,190,"October 23, 1997",
3204,Josh Okogie,2019,2020,G,06-Apr,212,"September 1, 1998",Georgia Tech
3205,KZ Okpala,2020,2020,F,06-Aug,215,"April 28, 1999",Stanford
3206,Mehmet Okur,2003,2012,C-F,06-Nov,249,"May 26, 1979",
3207,Victor Oladipo,2014,2020,G,06-Apr,210,"May 4, 1992",Indiana
3217,Kevin Ollie,1998,2010,G,06-Apr,195,"December 27, 1972",UConn
3221,Kelly Olynyk,2014,2020,C-F,06-Nov,240,"April 19, 1991",Gonzaga
3222,Miye Oni,2020,2020,G,06-May,206,"August 4, 1997",Yale
3223,Arinze Onuaku,2014,2017,C,06-Sep,255,"July 13, 1987",Syracuse
3224,Chinanu Onuaku,2017,2018,F-C,06-Oct,245,"November 1, 1996",Louisville
3229,Daniel Orton,2012,2014,C-F,06-Oct,255,"August 6, 1990",Kentucky
3231,Cedi Osman,2018,2020,F,06-Jul,215,"April 8, 1995",
3237,Kelly Oubre,2016,2020,F,06-Jul,205,"December 9, 1995",Kansas
3239,Travis Outlaw,2004,2014,F,06-Sep,210,"September 18, 1984",
3248,Larry Owens,2011,2012,F,06-Jul,210,"January 8, 1983",Oral Roberts
3250,Tariq Owens,2020,2020,F,06-Oct,205,"June 30, 1995","Tennessee, St. John's, Texas Tech"
3255,Zaza Pachulia,2004,2019,C,06-Nov,270,"February 10, 1984",
3261,Marcus Paige,2018,2018,G,06-Jan,175,"September 11, 1993",UNC
3270,Georgios Papagiannis,2017,2018,C,07-Jan,240,"July 3, 1997",
3271,Kostas Papanikolaou,2015,2016,F,06-Aug,225,"July 31, 1990",
3272,Jannero Pargo,2003,2015,G,06-Jan,175,"October 22, 1979",Arkansas
3273,Jeremy Pargo,2012,2013,G,06-Feb,219,"March 17, 1986",Gonzaga
3277,Anthony Parker,1998,2012,G,06-Jun,215,"June 19, 1975",Bradley
3278,Jabari Parker,2015,2020,F,06-Aug,245,"March 15, 1995",Duke
3281,Tony Parker,2002,2019,G,06-Feb,185,"May 17, 1982",
3290,Chandler Parsons,2012,2020,F,06-Sep,230,"October 25, 1988",Florida
3291,Eric Paschall,2020,2020,F,06-Jun,255,"November 4, 1996","Fordham, Villanova"
3292,Anžejs Pasečņiks,2020,2020,C,07-Jan,220,"December 20, 1995",
3300,Lamar Patterson,2016,2017,G-F,06-May,225,"August 12, 1991",Pitt
3301,Patrick Patterson,2011,2020,F,06-Aug,230,"March 14, 1989",Kentucky
3306,Justin Patton,2018,2020,C,06-Nov,241,"June 14, 1997",Creighton
3307,Brandon Paul,2018,2018,G,06-Apr,200,"April 30, 1991",Illinois
3308,Chris Paul,2006,2020,G,06-Jan,175,"May 6, 1985",Wake Forest
3312,Sasha Pavlović,2004,2013,G-F,06-Aug,220,"November 15, 1983",
3317,Adreian Payne,2015,2018,F-C,06-Oct,237,"February 19, 1991",Michigan State
3318,Cameron Payne,2016,2019,G,06-Mar,190,"August 8, 1994",Murray State
3321,Elfrid Payton,2015,2020,G,06-Mar,185,"February 22, 1994",LA-Lafayette
3323,Gary Payton,2017,2020,G,06-Mar,190,"December 1, 1992",Oregon State
3327,Oleksiy Pecherov,2008,2010,C,7-0,232,"December 8, 1985",
3332,Nikola Peković,2011,2016,C,06-Nov,307,"January 3, 1986",
3334,Norvel Pelle,2020,2020,F-C,06-Oct,216,"February 3, 1993",
3342,Kendrick Perkins,2004,2018,C,06-Oct,270,"November 10, 1984",
3346,London Perrantes,2018,2018,G,06-Feb,200,"October 3, 1994",Virginia
3354,Alec Peters,2018,2018,F,06-Sep,232,"April 13, 1995",Valparaiso
3360,Morris Peterson,2001,2011,F,06-Jul,218,"August 26, 1977",Michigan State
3362,Johan Petro,2006,2013,C,7-0,247,"January 27, 1986",
3379,Paul Pierce,1999,2017,F-G,06-Jul,235,"October 13, 1977",Kansas
3382,Mickaël Piétrus,2004,2013,G-F,06-Jun,215,"February 7, 1982",
3387,Theo Pinson,2019,2020,G,06-May,212,"November 5, 1995",UNC
3392,Dexter Pittman,2011,2014,C,06-Nov,308,"March 2, 1988",Texas
3394,Tibor Pleiß,2016,2016,C,07-Mar,256,"November 2, 1989",
3395,Marshall Plumlee,2017,2018,C,7-0,250,"July 14, 1992",Duke
3396,Mason Plumlee,2014,2020,C-F,06-Nov,238,"March 5, 1990",Duke
3397,Miles Plumlee,2013,2019,C-F,06-Nov,249,"September 1, 1988",Duke
3400,Vincent Poirier,2020,2020,C,7-0,235,"October 17, 1993",
3405,Jakob Pöltl,2017,2020,C,07-Jan,230,"October 15, 1995",Utah
3408,Quincy Pondexter,2011,2019,G-F,06-Jul,230,"March 10, 1988",Washington
3409,Shamorie Ponds,2020,2020,G,6-0,180,"June 29, 1998",St. John's
3410,Jordan Poole,2020,2020,G,06-Apr,195,"June 19, 1999",Michigan
3418,Kevin Porter,2020,2020,G,06-Apr,216,"May 4, 2000",USC
3419,Michael Porter,2020,2020,F,06-Oct,215,"June 29, 1998",Missouri
3420,Otto Porter,2014,2020,F,06-Aug,198,"June 3, 1993",Georgetown
3423,Bobby Portis,2016,2020,F,06-Oct,246,"February 10, 1995",Arkansas
3425,Kristaps Porziņģis,2016,2020,F-C,07-Mar,240,"August 2, 1995",
3426,James Posey,2000,2011,F-G,06-Aug,215,"January 13, 1977",Xavier
3430,Leon Powe,2007,2011,F,06-Aug,240,"January 22, 1984",California
3432,Dwight Powell,2015,2020,F-C,06-Oct,240,"July 20, 1991",Stanford
3433,Josh Powell,2006,2014,F,06-Sep,225,"January 25, 1983",NC State
3435,Norman Powell,2016,2020,G,06-Mar,215,"May 25, 1993",UCLA
3437,Alex Poythress,2017,2019,F,06-Sep,235,"September 6, 1993",Kentucky
3441,Phil Pressey,2014,2016,G,05-Nov,175,"February 17, 1991",Missouri
3445,A.J. Price,2010,2015,G,06-Feb,181,"October 7, 1986",UConn
3450,Ronnie Price,2006,2017,G,06-Feb,190,"June 21, 1983","Nicholls State University, Utah Valley State College"
3453,Pablo Prigioni,2013,2016,G,06-Mar,185,"May 17, 1977",
3454,Tayshaun Prince,2003,2016,F,06-Sep,212,"February 28, 1980",Kentucky
3459,Joel Przybilla,2001,2013,C,07-Jan,255,"October 10, 1979",Minnesota
3463,Jacob Pullen,2018,2018,G,06-Jan,200,"November 10, 1989",Kansas State
3464,Rodney Purvis,2018,2018,G,06-Apr,205,"February 14, 1994",UConn
3466,Zhou Qi,2018,2019,F-C,07-Jan,210,"January 16, 1996",
3467,Tim Quarterman,2017,2018,G,06-Jun,195,"October 27, 1994",LSU
3469,Chris Quinn,2007,2013,G,06-Feb,185,"September 27, 1983",Notre Dame
3471,Ivan Rabb,2018,2019,F,06-Oct,220,"February 4, 1997",California
3476,Vladimir Radmanović,2002,2013,F,06-Oct,227,"November 19, 1980",
3480,Miroslav Raduljica,2014,2015,C,7-0,250,"January 5, 1988",
3492,Chasson Randle,2017,2019,G,06-Feb,185,"February 5, 1993",Stanford
3493,Julius Randle,2015,2020,F-C,06-Aug,250,"November 29, 1994",Kentucky
3494,Anthony Randolph,2009,2014,F,06-Oct,205,"July 15, 1989",LSU
3495,Shavlik Randolph,2006,2015,F,06-Oct,240,"November 24, 1983",Duke
3496,Zach Randolph,2002,2018,F-C,06-Sep,250,"July 16, 1981",Michigan State
3502,Xavier Rathan-Mayes,2018,2018,G,06-Apr,208,"April 29, 1994",Florida State
3506,Theo Ratliff,1996,2011,C-F,06-Oct,225,"April 17, 1973",Wyoming
3507,Andy Rautins,2011,2011,G,06-Apr,190,"November 2, 1986",Syracuse
3519,Josh Reaves,2020,2020,G,06-Apr,215,"June 4, 1997",Penn State
3522,Michael Redd,2001,2012,G,06-Jun,220,"August 24, 1979",Ohio State
3523,Cam Reddish,2020,2020,F,06-Aug,208,"September 1, 1999",Duke
3525,J.J. Redick,2007,2020,G,06-Mar,200,"June 24, 1984",Duke
3527,Davon Reed,2018,2019,G,06-May,208,"June 11, 1995",Miami (FL)
3531,Willie Reed,2016,2018,F-C,06-Oct,220,"May 16, 1990",Saint Louis
3541,Naz Reid,2020,2020,F,06-Sep,264,"August 26, 1999",LSU
3543,Ryan Reid,2012,2012,F,06-Aug,232,"October 30, 1986",Florida State
3553,Cameron Reynolds,2019,2019,G,06-Jul,225,"February 7, 1995",Tulane
3560,Glen Rice,2014,2015,G,06-Jun,206,"January 1, 1991",Georgia Tech
3561,Chris Richard,2008,2010,F,06-Sep,270,"December 25, 1984",Florida
3563,Jason Richardson,2002,2015,G,06-Jun,220,"January 20, 1981",Michigan State
3565,Josh Richardson,2016,2020,G,06-May,200,"September 15, 1993",Tennessee
3566,Malachi Richardson,2017,2019,G,06-Jun,205,"January 5, 1996",Syracuse
3570,Quentin Richardson,2001,2013,G,06-Jun,223,"April 13, 1980",DePaul
3576,Luke Ridnour,2004,2015,G,06-Feb,175,"February 13, 1981",Oregon
3591,Austin Rivers,2013,2020,G,06-Mar,200,"August 1, 1992",Duke
3596,Andre Roberson,2014,2018,G-F,06-Jul,210,"December 4, 1991",Colorado
3602,Brian Roberts,2013,2017,G,06-Jan,173,"December 3, 1985",Dayton
3618,Devin Robinson,2018,2019,F,06-Aug,200,"March 7, 1995",Florida
3619,Duncan Robinson,2019,2020,G,06-Jul,215,"April 22, 1994","Williams, Michigan"
3623,Glenn Robinson,2015,2020,G-F,06-Jun,222,"January 8, 1994",Michigan
3627,Jerome Robinson,2019,2020,G,06-Apr,190,"February 22, 1997",Boston College
3628,Justin Robinson,2020,2020,G,06-Jan,195,"October 12, 1997",Virginia Tech
3630,Mitchell Robinson,2019,2020,C,7-0,223,"April 1, 1998",Western Kentucky
3631,Nate Robinson,2006,2016,G,05-Sep,180,"May 31, 1984",Washington
3636,Thomas Robinson,2013,2017,F,06-Oct,237,"March 17, 1991",Kansas
3642,Isaiah Roby,2020,2020,F,06-Aug,230,"February 3, 1998",Nebraska
3649,Sergio Rodríguez,2007,2017,G,06-Mar,176,"June 12, 1986",
3664,Rajon Rondo,2007,2020,G,06-Jan,186,"February 22, 1986",Kentucky
3667,Derrick Rose,2009,2020,G,06-Feb,200,"October 4, 1988",Memphis
3675,Quinton Ross,2005,2011,G,06-Jun,195,"April 30, 1981",SMU
3676,Terrence Ross,2013,2020,F-G,06-Jun,206,"February 5, 1991",Washington
3688,Brandon Roy,2007,2013,G,06-Jun,215,"July 23, 1984",Washington
3693,Terry Rozier,2016,2020,G,06-Jan,190,"March 17, 1994",Louisville
3694,Ricky Rubio,2012,2020,G,06-Mar,190,"October 21, 1990",
3698,Damjan Rudež,2015,2017,F,06-Oct,228,"June 17, 1986",
3708,Brandon Rush,2009,2017,G-F,06-Jun,220,"July 7, 1985",Kansas
3709,Kareem Rush,2003,2010,G,06-Jun,215,"October 30, 1980",Missouri
3714,D'Angelo Russell,2016,2020,G,06-Apr,198,"February 23, 1996",Ohio State
3719,Walker Russell,2012,2012,G,6-0,170,"October 6, 1982",Jacksonville State University
3721,Domantas Sabonis,2017,2020,F-C,06-Nov,240,"May 3, 1996",Gonzaga
3722,Robert Sacre,2013,2016,C,7-0,270,"June 6, 1989",Gonzaga
3726,John Salmons,2003,2015,G,06-Jul,210,"December 12, 1979",Miami (FL)
3731,Brandon Sampson,2019,2019,G,06-May,184,"May 1, 1997",LSU
3732,JaKarr Sampson,2015,2020,G-F,06-Jul,215,"March 20, 1993",St. John's
3735,Samardo Samuels,2011,2013,F,06-Sep,260,"January 9, 1989",Louisville
3740,Larry Sanders,2011,2017,C-F,06-Nov,235,"November 21, 1988",Virginia Commonwealth
3748,Dario Šarić,2017,2020,F,06-Oct,225,"April 8, 1994",
3751,Tomáš Satoranský,2017,2020,G,06-Jul,198,"October 30, 1991",
3760,Brian Scalabrine,2002,2012,F,06-Sep,241,"March 18, 1978",USC
3784,Admiral Schofield,2020,2020,G-F,06-May,241,"March 30, 1997",Tennessee
3788,Dennis Schröder,2014,2020,G,06-Jan,172,"September 15, 1993",
3793,Luis Scola,2008,2017,F,06-Sep,240,"April 30, 1980",
3801,Mike Scott,2013,2020,F,06-Jul,237,"July 16, 1988",Virginia
3813,Thabo Sefolosha,2007,2020,G-F,06-Jun,220,"May 2, 1984",
3816,Josh Selby,2012,2013,G,06-Feb,183,"March 27, 1991",Kansas
3817,Wayne Selden,2017,2019,G-F,06-May,230,"September 30, 1994",Kansas
3826,Kevin Séraphin,2011,2017,F,06-Sep,285,"December 7, 1989",
3828,Ramon Sessions,2008,2018,G,06-Mar,190,"April 11, 1986",Nevada
3831,Collin Sexton,2019,2020,G,06-Jan,190,"January 4, 1999",Alabama
3838,Mustafa Shakur,2011,2014,G,06-Mar,190,"August 18, 1984",Arizona
3839,Landry Shamet,2019,2020,G,06-Apr,188,"March 13, 1997",Wichita State
3850,Marial Shayok,2020,2020,G,06-May,196,"July 26, 1995","Virginia, Iowa State"
3855,Tornike Shengelia,2013,2014,F,06-Sep,217,"October 5, 1991",
3868,Iman Shumpert,2012,2020,G,06-May,215,"June 26, 1990",Georgia Tech
3869,Alexey Shved,2013,2015,G,06-Jun,190,"December 16, 1988",
3870,Pascal Siakam,2017,2020,F,06-Sep,230,"April 2, 1994",New Mexico State
3871,Jordan Sibert,2019,2019,G,06-Apr,187,"August 1, 1992","Ohio State, Dayton"
3881,Xavier Silas,2012,2018,G,06-May,205,"January 22, 1988","Colorado, Northern Illinois"
3882,Garret Siler,2011,2011,C,06-Nov,305,"October 25, 1986",Augusta State University
3884,Chris Silva,2020,2020,F,06-Aug,230,"September 19, 1996",South Carolina
3886,Ben Simmons,2018,2020,G-F,06-Oct,230,"July 20, 1996",LSU
3887,Bobby Simmons,2002,2012,G-F,06-Jul,210,"June 2, 1980",DePaul
3892,Jonathon Simmons,2016,2019,G-F,06-Jun,195,"September 14, 1989",Houston
3893,Kobi Simmons,2018,2019,G,06-May,166,"July 4, 1997",Arizona
3897,Anfernee Simons,2019,2020,G,06-Mar,181,"June 8, 1999",
3904,Henry Sims,2013,2016,C,06-Oct,248,"March 27, 1990",Georgetown
3906,Kyle Singler,2013,2018,F,06-Aug,228,"May 4, 1988",Duke
3908,Chris Singleton,2012,2014,F,06-Aug,230,"November 21, 1989",Florida State
3909,James Singleton,2006,2012,F,06-Aug,216,"July 20, 1981",Murray State
3913,Peyton Siva,2014,2014,G,6-0,185,"October 24, 1990",Louisville
3916,Brian Skinner,1999,2012,F,06-Sep,255,"May 19, 1976",Baylor
3924,Donald Sloan,2012,2016,G,06-Mar,205,"January 15, 1988",Texas A&M
3928,Alen Smailagić,2020,2020,F,06-Oct,215,"August 18, 2000",
3930,Marcus Smart,2015,2020,G,06-Mar,227,"March 6, 1994",Oklahoma State
3942,Chris Smith,2014,2014,G,06-Feb,200,"October 13, 1987","Manhattan College, Louisville"
3944,Craig Smith,2007,2012,F,06-Jul,250,"November 10, 1983",Boston College
3946,Dennis Smith,2018,2020,G,06-Feb,195,"November 25, 1997",NC State
3956,Greg Smith,2012,2016,C,06-Oct,250,"January 8, 1991",Fresno State
3957,Ish Smith,2011,2020,G,6-0,175,"July 5, 1988",Wake Forest
3958,J.R. Smith,2005,2019,G-F,06-Jun,225,"September 9, 1985",
3960,Jason Smith,2008,2019,F-C,7-0,240,"March 2, 1986",Colorado State
3961,Jerry Smith,2012,2012,G,06-Feb,190,"September 26, 1987",Louisville
3963,Joe Smith,1996,2011,F,06-Oct,225,"July 26, 1975",Maryland
3965,Josh Smith,2005,2018,F,06-Sep,225,"December 5, 1985",
3975,Nolan Smith,2012,2013,G,06-Feb,185,"July 25, 1988",Duke
3982,Russ Smith,2015,2016,G,6-0,165,"April 19, 1991",Louisville
3992,Zhaire Smith,2019,2020,G,06-Mar,199,"June 4, 1999",Texas Tech
3996,Tony Snell,2014,2020,G-F,06-Jun,213,"November 10, 1991",New Mexico
4007,Darius Songaila,2004,2011,F,06-Sep,248,"February 14, 1978",Wake Forest
4009,James Southerland,2014,2014,F,06-Aug,215,"April 28, 1990",Syracuse
4013,Ray Spalding,2019,2019,F,06-Oct,215,"March 11, 1997",Louisville
4021,Marreese Speights,2009,2018,C-F,06-Oct,255,"August 4, 1987",Florida
4022,Omari Spellman,2019,2020,F,06-Aug,245,"July 21, 1997",Villanova
4028,Tiago Splitter,2011,2017,F-C,06-Nov,245,"January 1, 1985",
4036,Jerry Stackhouse,1996,2013,G-F,06-Jun,218,"November 5, 1974",UNC
4045,Nik Stauskas,2015,2019,G,06-Jun,205,"October 7, 1993",Michigan
4050,D.J. Stephens,2014,2019,G-F,06-May,188,"December 19, 1990",Memphis
4054,Lance Stephenson,2011,2019,G-F,06-Jun,230,"September 5, 1990",Cincinnati
4055,Alex Stepheson,2016,2016,F,06-Oct,270,"August 7, 1987","UNC, USC"
4059,DeShawn Stevenson,2001,2013,G,06-May,210,"April 3, 1981",
4065,Greg Stiemsma,2012,2015,C,06-Nov,260,"September 26, 1985",Wisconsin
4071,David Stockton,2015,2018,G,05-Nov,165,"June 24, 1991",Gonzaga
4073,Peja StojakoviÄ,1999,2011,F,06-Oct,229,"June 9, 1977",
4076,Jarnell Stokes,2015,2017,F-C,06-Sep,263,"January 7, 1994",Tennessee
4080,Diamond Stone,2017,2017,C,06-Nov,255,"February 10, 1997",Maryland
4082,Julyan Stone,2012,2018,G,06-Jun,200,"December 7, 1988",Texas-El Paso
4086,Amar'e Stoudemire,2003,2016,F-C,06-Oct,245,"November 16, 1982",
4100,Max Strus,2020,2020,G,06-Jun,215,"March 28, 1996","Lewis, DePaul"
4101,Rodney Stuckey,2008,2017,G,06-May,210,"April 21, 1986",Eastern Washington
4105,Jared Sullinger,2013,2017,F,06-Sep,260,"March 4, 1992",Ohio State
4106,DaJuan Summers,2010,2013,F,06-Aug,230,"January 24, 1988",Georgetown
4107,Edmond Sumner,2018,2020,G,06-Apr,176,"December 31, 1995",Xavier
4119,Caleb Swanigan,2018,2020,F,06-Sep,260,"April 18, 1997",Purdue
4127,Pape Sy,2011,2011,F,06-Jul,225,"April 5, 1988",
4141,Jayson Tatum,2018,2020,F,06-Aug,204,"March 3, 1998",Duke
4142,Edy Tavares,2016,2017,C,07-Mar,260,"March 22, 1992",
4148,Isaiah Taylor,2017,2018,G,06-Mar,170,"July 11, 1994",Texas
4151,Jeffery Taylor,2013,2015,F,06-Jul,225,"May 23, 1989",Vanderbilt
4152,Jermaine Taylor,2010,2011,G,06-Apr,210,"December 8, 1986",Central Florida
4159,Tyshawn Taylor,2013,2014,G,06-Mar,185,"April 12, 1990",Kansas
4162,Jeff Teague,2010,2020,G,06-Mar,195,"June 10, 1988",Wake Forest
4163,Marquis Teague,2013,2018,G,06-Feb,189,"February 28, 1993",Kentucky
4164,Mirza Teletović,2013,2018,F,06-Sep,242,"September 18, 1985",
4165,Sebastian Telfair,2005,2015,G,6-0,165,"June 9, 1985",
4167,Garrett Temple,2010,2020,G,06-May,195,"May 8, 1986",LSU
4168,Miloš Teodosić,2018,2019,G,06-May,196,"March 19, 1987",
4170,Jared Terrell,2019,2019,G,06-Mar,227,"February 10, 1995",Rhode Island
4174,Emanuel Terry,2019,2019,F,06-Sep,220,"August 21, 1996",Lincoln Memorial University
4175,Jason Terry,2000,2018,G,06-Feb,185,"September 15, 1977",Arizona
4176,Hasheem Thabeet,2010,2014,C,07-Mar,263,"February 16, 1987",UConn
4179,Daniel Theis,2018,2020,C,06-Aug,215,"April 4, 1992",
4185,Adonis Thomas,2014,2014,F,06-Jul,200,"March 25, 1993",Memphis
4189,Etan Thomas,2002,2011,F,06-Sep,256,"April 1, 1978",Syracuse
4191,Isaiah Thomas,2012,2020,G,05-Sep,185,"February 7, 1989",Washington
4198,Kenny Thomas,2000,2010,F,06-Jul,261,"July 25, 1977",New Mexico
4199,Khyri Thomas,2019,2020,G,06-Mar,210,"May 8, 1996",Creighton
4200,Kurt Thomas,1996,2013,F,06-Sep,230,"October 4, 1972",TCU
4201,Lance Thomas,2012,2019,F,06-Aug,240,"April 24, 1988",Duke
4202,Malcolm Thomas,2012,2015,F,06-Sep,225,"November 8, 1988","Pepperdine, San Diego State"
4203,Matt Thomas,2020,2020,G,06-Apr,190,"August 4, 1994",Iowa State
4206,Tim Thomas,1998,2010,F,06-Oct,230,"February 26, 1977",Villanova
4207,Tyrus Thomas,2007,2015,F,06-Sep,215,"August 17, 1986",LSU
4209,Trey Thompkins,2012,2012,F,06-Oct,245,"May 20, 1990",Georgia
4217,Hollis Thompson,2014,2017,G-F,06-Aug,206,"April 3, 1991",Georgetown
4219,Jason Thompson,2009,2016,F-C,06-Nov,250,"July 21, 1986",Rider University
4222,Klay Thompson,2012,2019,G-F,06-Jun,215,"February 8, 1990",Washington State
4225,Mychel Thompson,2012,2012,G,06-Jun,211,"June 1, 1988",Pepperdine
4228,Tristan Thompson,2012,2020,F-C,06-Sep,238,"March 13, 1991",Texas
4231,Al Thornton,2008,2011,F,06-Aug,220,"December 7, 1983",Florida State
4234,Marcus Thornton,2010,2017,G,06-Apr,205,"June 5, 1987",LSU
4235,Sindarius Thornwell,2018,2019,G,06-May,215,"November 15, 1994",South Carolina
4240,Matisse Thybulle,2020,2020,G,06-May,200,"March 4, 1997",Washington
4246,Jamaal Tinsley,2002,2014,G,06-Mar,195,"February 28, 1978",Iowa State
4248,Mike Tobey,2017,2017,C,7-0,260,"October 10, 1994",Virginia
4252,Anthony Tolliver,2009,2020,F-C,06-Aug,240,"June 1, 1985",Creighton
4264,Juan Toscano-Anderson,2020,2020,F,06-Jun,215,"April 10, 1993",Marquette
4267,Axel Toupane,2016,2017,G-F,06-Jul,197,"July 23, 1992",
4272,Karl-Anthony Towns,2016,2020,C-F,06-Nov,248,"November 15, 1995",Kentucky
4278,Gary Trent,2019,2020,G,06-May,209,"January 18, 1999",Duke
4281,Allonzo Trier,2019,2020,G,06-Apr,200,"January 17, 1996",Arizona
4291,Alando Tucker,2008,2010,F,06-Jun,205,"February 11, 1984",Wisconsin
4294,P.J. Tucker,2007,2020,F,06-May,245,"May 5, 1985",Texas
4295,Rayjon Tucker,2020,2020,F,06-May,210,"September 24, 1997",
4297,Ronny Turiaf,2006,2015,F,06-Oct,249,"January 13, 1983",Gonzaga
4299,Hedo Türkoğlu,2001,2015,F,06-Oct,220,"March 19, 1979",
4303,Evan Turner,2011,2020,G,06-Jun,220,"October 27, 1988",Ohio State
4311,Myles Turner,2016,2020,C-F,06-Nov,250,"March 24, 1996",Texas
4317,Jeremy Tyler,2012,2014,C,06-Oct,260,"June 21, 1991",
4320,Edwin Ubiles,2012,2012,G,06-Jun,204,"November 26, 1986",Siena College
4321,Ekpe Udoh,2011,2019,C-F,06-Oct,245,"May 20, 1987","Michigan, Baylor"
4322,Ime Udoka,2004,2011,F,06-Jun,215,"August 9, 1977","San Francisco, Portland State"
4323,Beno Udrih,2005,2017,G,06-Mar,205,"July 5, 1982",
4324,Roko Ukić,2009,2010,G,06-May,183,"May 12, 1984",
4325,Tyler Ulis,2017,2019,G,05-Oct,160,"January 5, 1996",Kentucky
4329,Jarrod Uthoff,2017,2017,F,06-Sep,221,"May 19, 1993",Iowa
4330,Ben Uzoh,2011,2012,G,06-Mar,205,"March 19, 1988",Tulsa
4332,Jonas Valančiūnas,2013,2020,C,06-Nov,265,"May 6, 1992",
4334,Denzel Valentine,2017,2020,G,06-Apr,210,"November 16, 1993",Michigan State
4347,Jarred Vanderbilt,2019,2020,F,06-Sep,214,"April 3, 1999",Kentucky
4352,Fred VanVleet,2017,2020,G,06-Jan,195,"February 25, 1994",Wichita State
4354,Anderson Varejão,2005,2017,F-C,06-Oct,273,"September 28, 1982",
4355,Jarvis Varnado,2013,2014,F,06-Sep,230,"March 1, 1988",Mississippi State
4356,Greivis Vásquez,2011,2017,G,06-Jun,217,"January 16, 1987",Maryland
4361,Rashad Vaughn,2016,2018,G,06-Jun,202,"August 16, 1996",UNLV
4366,Jan Veselý,2012,2014,F,06-Nov,240,"April 24, 1990",
4369,Charlie Villanueva,2006,2016,F,06-Nov,232,"August 24, 1984",UConn
4370,Gabe Vincent,2020,2020,G,06-Mar,200,"June 14, 1996",UC Santa Barbara
4380,Noah Vonleh,2015,2020,F,06-Oct,257,"August 24, 1995",Indiana
4387,Nikola Vučević,2012,2020,C,06-Nov,260,"October 24, 1990",USC
4388,Sasha Vujačić,2005,2017,G,06-Jul,195,"March 8, 1984",
4389,Dean Wade,2020,2020,F,06-Sep,228,"November 20, 1996",Kansas State
4390,Dwyane Wade,2004,2019,G,06-Apr,220,"January 17, 1982",Marquette
4392,Von Wafer,2006,2012,G,06-May,210,"July 21, 1985",Florida State
4397,Moritz Wagner,2019,2020,F-C,06-Nov,245,"April 26, 1997",Michigan
4399,Dion Waiters,2013,2020,G,06-Mar,215,"December 10, 1991",Syracuse
4409,Henry Walker,2009,2015,F,06-Jun,220,"October 9, 1987",Kansas State
4412,Kemba Walker,2012,2020,G,6-0,172,"May 8, 1990",UConn
4414,Lonnie Walker,2019,2020,G,06-May,205,"December 14, 1998",Miami (FL)
4418,John Wall,2011,2019,G,06-Apr,210,"September 6, 1990",Kentucky
4419,Ben Wallace,1997,2012,F-C,06-Sep,240,"September 10, 1974",Virginia Union University
4420,Gerald Wallace,2002,2015,F,06-Jul,215,"July 23, 1982",Alabama
4422,Rasheed Wallace,1996,2013,F-C,06-Oct,225,"September 17, 1974",UNC
4424,Tyrone Wallace,2018,2020,G,06-May,198,"June 10, 1994",California
4427,Taurean Waller-Prince,2017,2020,F,06-Jul,218,"March 22, 1994",Baylor
4434,Derrick Walton,2018,2020,G,6-0,189,"April 3, 1995",Michigan
4436,Luke Walton,2004,2013,F,06-Aug,235,"March 28, 1980",Arizona
4437,Brad Wanamaker,2019,2020,G,06-Mar,210,"July 25, 1989",Pitt
4443,Casper Ware,2014,2014,G,05-Oct,175,"January 17, 1990",Cal State Long Beach
4448,Jameel Warney,2018,2018,F,06-Aug,260,"January 31, 1994",Stony Brook University
4451,T.J. Warren,2015,2020,F,06-Aug,215,"September 5, 1993",NC State
4452,Willie Warren,2011,2011,G,06-Apr,203,"October 22, 1989",Oklahoma
4454,Hakim Warrick,2006,2013,F,06-Sep,219,"July 8, 1982",Syracuse
4456,Julian Washburn,2019,2019,F,06-Aug,210,"December 18, 1991",Texas-El Paso
4465,PJ Washington,2020,2020,F,06-Jul,236,"August 23, 1998",Kentucky
4470,Yuta Watanabe,2019,2020,F,06-Aug,205,"October 13, 1994",George Washington
4471,Tremont Waters,2020,2020,G,05-Oct,175,"January 10, 1998",LSU
4472,Darryl Watkins,2008,2012,C,06-Nov,258,"November 8, 1984",Syracuse
4474,C.J. Watson,2008,2017,G,06-Feb,175,"April 17, 1984",Tennessee
4475,Earl Watson,2002,2014,G,06-Jan,195,"June 12, 1979",UCLA
4477,Paul Watson,2020,2020,G,06-Jul,215,"December 30, 1994",Fresno State
4481,Maalik Wayns,2013,2014,G,06-Feb,200,"May 2, 1991",Villanova
4482,David Wear,2015,2015,F,06-Oct,230,"September 21, 1990","UNC, UCLA"
4483,Travis Wear,2015,2018,F,06-Oct,230,"September 21, 1990","UNC, UCLA"
4486,Quinndary Weatherspoon,2020,2020,G,06-Mar,207,"September 10, 1996",Mississippi State
4487,Kyle Weaver,2009,2011,G,06-Jun,201,"February 18, 1986",Washington State
4488,James Webb,2018,2018,F,06-Sep,202,"August 19, 1993",Boise State
4493,Briante Weber,2016,2018,G,06-Feb,165,"December 29, 1992",Virginia Commonwealth
4497,Martell Webster,2006,2015,G-F,06-Jul,230,"December 4, 1986",
4500,Sonny Weems,2009,2016,G-F,06-Jun,205,"July 8, 1986",Arkansas
4511,Thomas Welsh,2019,2019,C,7-0,255,"February 3, 1996",UCLA
4518,David West,2004,2018,F-C,06-Sep,250,"August 29, 1980",Xavier
4519,Delonte West,2005,2012,G,06-Apr,180,"July 26, 1983",Saint Joseph's
4522,Mario West,2008,2011,G,06-May,210,"June 19, 1984",Georgia Tech
4526,Russell Westbrook,2009,2020,G,06-Mar,200,"November 12, 1988",UCLA
4535,Andrew White,2018,2018,G,06-Jul,210,"June 16, 1993","Nebraska, Syracuse"
4536,Coby White,2020,2020,G,06-Apr,185,"February 16, 2000",UNC
4537,D.J. White,2009,2014,F,06-Sep,251,"August 31, 1986",Indiana
4538,Derrick White,2018,2020,G,06-Apr,190,"July 2, 1994","Colorado-Colorado Springs, Colorado"
4543,James White,2007,2013,G-F,06-Jul,200,"October 21, 1982","Florida, Cincinnati"
4545,Okaro White,2017,2019,F,06-Aug,205,"August 13, 1992",Florida State
4549,Royce White,2014,2014,F,06-Aug,270,"April 10, 1991",Iowa State
4553,Isaiah Whitehead,2017,2018,G,06-Apr,213,"March 8, 1995",Seton Hall
4556,Hassan Whiteside,2011,2020,C,7-0,235,"June 13, 1989",Marshall
4561,Shayne Whittington,2015,2016,F-C,06-Nov,250,"March 27, 1991",Western Michigan
4566,Andrew Wiggins,2015,2020,F-G,06-Jul,194,"February 23, 1995",Kansas
4569,C.J. Wilcox,2015,2017,G,06-May,195,"December 30, 1990",Washington
4570,Chris Wilcox,2003,2013,F,06-Oct,221,"September 3, 1982",Maryland
4573,Jacob Wiley,2018,2018,F,06-Jul,215,"September 4, 1994",Eastern Washington
4581,Damien Wilkins,2005,2018,F-G,06-Jun,225,"January 11, 1980","NC State, Georgia"
4587,Mike Wilks,2003,2010,G,05-Oct,185,"May 7, 1979",Rice University
4590,Alan Williams,2016,2019,F-C,06-Aug,265,"January 28, 1993",UC Santa Barbara
4597,C.J. Williams,2018,2019,G,06-May,226,"February 6, 1990",NC State
4603,Deron Williams,2006,2017,G,06-Mar,200,"June 26, 1984",Illinois
4604,Derrick Williams,2012,2018,F,06-Aug,240,"May 25, 1991",Arizona
4607,Elliot Williams,2012,2016,G,06-May,190,"June 20, 1989","Duke, Memphis"
4613,Grant Williams,2020,2020,F,06-Jun,236,"November 30, 1998",Tennessee
4619,Jason Williams,1999,2011,G,06-Jan,190,"November 18, 1975","Marshall, Florida"
4620,Jawad Williams,2009,2011,F,06-Sep,218,"February 19, 1983",UNC
4625,Johnathan Williams,2019,2020,F,06-Sep,228,"May 22, 1995","Missouri, Gonzaga"
4626,Jordan Williams,2012,2012,F,06-Oct,260,"October 11, 1990",Maryland
4629,Kenrich Williams,2019,2020,G-F,06-Jun,210,"December 2, 1994",TCU
4632,Lou Williams,2006,2020,G,06-Jan,175,"October 27, 1986",
4633,Marcus Williams,2007,2010,G,06-Mar,205,"December 3, 1985",UConn
4635,Marvin Williams,2006,2020,F,06-Aug,237,"June 19, 1986",UNC
4636,Matt Williams,2018,2018,G,06-May,210,"October 14, 1993",Central Florida
4640,Mo Williams,2004,2016,G,06-Jan,198,"December 19, 1982",Alabama
4646,Reggie Williams,2010,2017,F,06-Jun,205,"September 14, 1986",Virginia Military Institute
4649,Robert Williams,2019,2020,C-F,06-Aug,237,"October 17, 1997",Texas A&M
4654,Sean Williams,2008,2012,C-F,06-Oct,235,"September 13, 1986",Boston College
4656,Shawne Williams,2007,2015,F,06-Sep,225,"February 16, 1986",Memphis
4657,Shelden Williams,2007,2012,F,06-Sep,250,"October 21, 1983",Duke
4659,Terrence Williams,2010,2013,F,06-Jun,220,"June 28, 1987",Louisville
4661,Troy Williams,2017,2019,F,06-Jul,218,"December 30, 1994",Indiana
4665,Nigel Williams-Goss,2020,2020,G,06-Feb,190,"September 16, 1994","Gonzaga, Washington"
4668,Zion Williamson,2020,2020,F-C,06-Jun,285,"July 6, 2000",Duke
4677,D.J. Wilson,2018,2020,F,06-Oct,231,"February 19, 1996",Michigan
4680,Jamil Wilson,2018,2018,F,06-Jul,230,"November 21, 1990","Oregon, Marquette"
4690,Kyle Wiltjer,2017,2017,F,06-Oct,240,"October 20, 1992",Gonzaga
4699,Justise Winslow,2016,2020,F,06-Jun,225,"March 26, 1996",Duke
4706,Jeff Withey,2014,2018,C,7-0,231,"March 7, 1990",Kansas
4714,Nate Wolters,2014,2018,G,06-Apr,190,"May 15, 1991",South Dakota State
4717,Christian Wood,2016,2020,F,06-Oct,214,"September 27, 1995",UNLV
4731,Metta World Peace,2000,2017,F,06-Jun,260,"November 13, 1979",St. John's
4735,Antoine Wright,2006,2011,G-F,06-Jul,210,"February 6, 1984",Texas A&M
4738,Brandan Wright,2008,2018,F-C,06-Oct,210,"October 5, 1987",UNC
4739,Chris Wright,2012,2014,F,06-Aug,226,"September 30, 1988",Dayton
4740,Chris Wright,2013,2013,G,06-Jan,210,"November 4, 1989",Georgetown
4741,Delon Wright,2016,2020,G,06-May,183,"April 26, 1992",Utah
4742,Dorell Wright,2005,2015,F-G,06-Sep,205,"December 2, 1985",
4746,Julian Wright,2008,2011,F,06-Aug,225,"May 20, 1987",Kansas
4753,Tony Wroten,2013,2016,G,06-Jun,205,"April 13, 1993",Washington
4756,Guerschon Yabusele,2018,2019,F,06-Aug,260,"December 17, 1995",
4764,James Young,2015,2018,G-F,06-Jun,215,"August 16, 1995",Kentucky
4765,Joe Young,2016,2018,G,06-Feb,180,"June 27, 1992","Houston, Oregon"
4768,Nick Young,2008,2019,G-F,06-Jul,210,"June 1, 1985",USC
4770,Sam Young,2010,2013,F,06-Jun,220,"June 1, 1985",Pitt
4771,Thaddeus Young,2008,2020,F,06-Aug,220,"June 21, 1988",Georgia Tech
4773,Trae Young,2019,2020,G,06-Jan,180,"September 19, 1998",Oklahoma
4777,Cody Zeller,2014,2020,C-F,7-0,240,"October 5, 1992",Indiana
4781,Luke Zeller,2013,2013,C,06-Nov,245,"April 7, 1987",Notre Dame
4782,Tyler Zeller,2013,2019,F-C,7-0,253,"January 17, 1990",UNC
4788,Stephen Zimmerman,2017,2017,C,7-0,240,"September 9, 1996",UNLV
4789,Paul Zipser,2017,2018,G-F,06-Aug,215,"February 18, 1994",
4790,Ante Žižić,2018,2020,F-C,06-Oct,254,"January 4, 1997",
4793,Ivica Zubac,2017,2020,C,7-0,240,"March 18, 1997",
